fecha_clima,region,temp_max,temp_min,lluvia_mm
2023-01-01,VALPARAISO,25.6,15.7,0.0
2023-01-02,VALPARAISO,24.3,15.5,0.0
2023-01-03,VALPARAISO,27.1,15.4,0.0
2023-01-04,VALPARAISO,27.0,19.3,0.0
2023-01-05,VALPARAISO,25.5,15.5,0.0
2023-01-06,VALPARAISO,28.5,17.0,0.0
2023-01-07,VALPARAISO,27.3,16.1,0.0
2023-01-08,VALPARAISO,26.4,18.5,0.0
2023-01-09,VALPARAISO,25.0,15.8,0.0
2023-01-10,VALPARAISO,26.9,15.9,0.0
2023-01-11,VALPARAISO,28.7,17.7,0.0
2023-01-12,VALPARAISO,26.1,16.1,0.0
2023-01-13,VALPARAISO,27.2,15.9,0.0
2023-01-14,VALPARAISO,23.8,13.4,0.0
2023-01-15,VALPARAISO,27.7,15.7,0.0
2023-01-16,VALPARAISO,24.9,15.9,0.0
2023-01-17,VALPARAISO,25.0,14.4,0.0
2023-01-18,VALPARAISO,26.8,18.8,0.0
2023-01-19,VALPARAISO,22.5,14.2,0.0
2023-01-20,VALPARAISO,25.0,12.1,0.0
2023-01-21,VALPARAISO,25.8,15.8,0.0
2023-01-22,VALPARAISO,27.0,16.4,0.0
2023-01-23,VALPARAISO,27.8,17.0,0.0
2023-01-24,VALPARAISO,28.3,15.6,0.0
2023-01-25,VALPARAISO,26.6,15.9,0.0
2023-01-26,VALPARAISO,24.0,13.3,0.0
2023-01-27,VALPARAISO,28.9,15.9,0.0
2023-01-28,VALPARAISO,29.9,19.9,0.0
2023-01-29,VALPARAISO,27.1,19.2,0.0
2023-01-30,VALPARAISO,26.0,15.7,0.0
2023-01-31,VALPARAISO,27.3,17.7,0.0
2023-02-01,VALPARAISO,28.1,17.2,0.0
2023-02-02,VALPARAISO,29.9,18.8,0.0
2023-02-03,VALPARAISO,29.4,19.3,0.0
2023-02-04,VALPARAISO,27.8,18.0,0.0
2023-02-05,VALPARAISO,28.2,18.5,0.0
2023-02-06,VALPARAISO,29.8,19.8,0.0
2023-02-07,VALPARAISO,29.1,19.7,0.0
2023-02-08,VALPARAISO,31.0,20.2,0.0
2023-02-09,VALPARAISO,31.1,21.1,0.0
2023-02-10,VALPARAISO,28.9,20.4,0.0
2023-02-11,VALPARAISO,30.9,19.0,0.0
2023-02-12,VALPARAISO,28.0,18.2,0.0
2023-02-13,VALPARAISO,29.3,18.0,0.0
2023-02-14,VALPARAISO,30.5,18.1,0.0
2023-02-15,VALPARAISO,28.9,17.2,0.0
2023-02-16,VALPARAISO,25.2,16.6,0.0
2023-02-17,VALPARAISO,27.7,17.6,0.0
2023-02-18,VALPARAISO,27.2,18.9,0.0
2023-02-19,VALPARAISO,29.9,17.1,0.0
2023-02-20,VALPARAISO,30.9,20.0,0.0
2023-02-21,VALPARAISO,29.6,19.6,0.0
2023-02-22,VALPARAISO,27.6,19.5,0.0
2023-02-23,VALPARAISO,30.2,18.0,0.0
2023-02-24,VALPARAISO,25.6,17.4,0.0
2023-02-25,VALPARAISO,26.8,15.4,0.0
2023-02-26,VALPARAISO,30.7,17.6,0.0
2023-02-27,VALPARAISO,30.4,19.4,0.0
2023-02-28,VALPARAISO,27.9,18.0,0.0
2023-03-01,VALPARAISO,29.5,18.8,0.0
2023-03-02,VALPARAISO,29.7,17.0,0.0
2023-03-03,VALPARAISO,26.7,14.1,0.0
2023-03-04,VALPARAISO,30.4,18.8,0.0
2023-03-05,VALPARAISO,27.4,19.4,0.0
2023-03-06,VALPARAISO,25.4,16.8,0.0
2023-03-07,VALPARAISO,28.5,15.0,0.0
2023-03-08,VALPARAISO,27.4,14.4,0.0
2023-03-09,VALPARAISO,27.5,18.4,0.0
2023-03-10,VALPARAISO,27.1,17.6,0.0
2023-03-11,VALPARAISO,25.6,14.6,0.0
2023-03-12,VALPARAISO,23.8,15.5,0.0
2023-03-13,VALPARAISO,26.6,14.9,0.0
2023-03-14,VALPARAISO,26.0,16.5,0.0
2023-03-15,VALPARAISO,26.6,17.4,0.0
2023-03-16,VALPARAISO,26.5,16.8,0.0
2023-03-17,VALPARAISO,26.2,17.4,0.0
2023-03-18,VALPARAISO,28.8,18.6,0.0
2023-03-19,VALPARAISO,28.4,18.0,0.0
2023-03-20,VALPARAISO,25.0,17.3,0.0
2023-03-21,VALPARAISO,28.2,19.4,0.0
2023-03-22,VALPARAISO,29.4,18.4,0.0
2023-03-23,VALPARAISO,31.1,18.0,0.0
2023-03-24,VALPARAISO,32.1,18.3,0.0
2023-03-25,VALPARAISO,30.5,17.9,0.0
2023-03-26,VALPARAISO,25.6,16.9,0.0
2023-03-27,VALPARAISO,25.0,16.8,0.0
2023-03-28,VALPARAISO,25.8,13.9,0.0
2023-03-29,VALPARAISO,29.3,16.0,0.0
2023-03-30,VALPARAISO,30.8,19.5,0.0
2023-03-31,VALPARAISO,31.4,18.6,0.0
2023-04-01,VALPARAISO,28.7,17.9,0.0
2023-04-02,VALPARAISO,29.5,17.7,0.0
2023-04-03,VALPARAISO,28.3,17.3,0.0
2023-04-04,VALPARAISO,28.7,18.5,0.0
2023-04-05,VALPARAISO,25.5,16.1,0.0
2023-04-06,VALPARAISO,27.5,17.4,0.0
2023-04-07,VALPARAISO,30.9,17.3,0.0
2023-04-08,VALPARAISO,27.2,17.4,0.0
2023-04-09,VALPARAISO,27.4,17.2,0.0
2023-04-10,VALPARAISO,28.6,18.1,0.0
2023-04-11,VALPARAISO,27.1,17.7,0.0
2023-04-12,VALPARAISO,23.4,14.9,0.0
2023-04-13,VALPARAISO,22.4,12.0,0.0
2023-04-14,VALPARAISO,19.8,12.4,0.0
2023-04-15,VALPARAISO,19.7,10.5,0.0
2023-04-16,VALPARAISO,19.3,10.2,0.0
2023-04-17,VALPARAISO,20.3,10.2,0.0
2023-04-18,VALPARAISO,23.9,11.4,0.0
2023-04-19,VALPARAISO,29.0,15.1,0.0
2023-04-20,VALPARAISO,24.1,12.2,0.0
2023-04-21,VALPARAISO,23.1,10.9,0.0
2023-04-22,VALPARAISO,21.9,14.7,0.0
2023-04-23,VALPARAISO,23.0,12.8,0.0
2023-04-24,VALPARAISO,24.9,11.3,0.0
2023-04-25,VALPARAISO,25.5,15.0,0.0
2023-04-26,VALPARAISO,27.0,15.0,0.0
2023-04-27,VALPARAISO,20.5,11.1,0.0
2023-04-28,VALPARAISO,18.7,11.3,0.0
2023-04-29,VALPARAISO,21.0,13.7,6.5
2023-04-30,VALPARAISO,16.6,11.4,12.6
2023-05-01,VALPARAISO,18.7,10.9,0.0
2023-05-02,VALPARAISO,19.6,12.3,0.0
2023-05-03,VALPARAISO,19.0,9.7,0.0
2023-05-04,VALPARAISO,18.5,9.8,0.0
2023-05-05,VALPARAISO,17.9,11.7,0.0
2023-05-06,VALPARAISO,16.9,9.4,0.0
2023-05-07,VALPARAISO,22.4,11.9,0.0
2023-05-08,VALPARAISO,26.8,14.3,0.0
2023-05-09,VALPARAISO,30.5,15.0,0.0
2023-05-10,VALPARAISO,28.2,17.4,0.0
2023-05-11,VALPARAISO,28.1,17.2,0.0
2023-05-12,VALPARAISO,30.6,16.1,0.0
2023-05-13,VALPARAISO,24.4,18.7,0.0
2023-05-14,VALPARAISO,23.8,12.9,0.0
2023-05-15,VALPARAISO,19.5,11.4,0.0
2023-05-16,VALPARAISO,18.5,10.8,0.9
2023-05-17,VALPARAISO,19.2,11.9,1.2
2023-05-18,VALPARAISO,20.7,13.5,0.0
2023-05-19,VALPARAISO,21.5,11.9,0.0
2023-05-20,VALPARAISO,20.5,12.2,0.0
2023-05-21,VALPARAISO,16.6,9.7,1.1
2023-05-22,VALPARAISO,19.3,8.9,4.0
2023-05-23,VALPARAISO,16.1,11.0,0.0
2023-05-24,VALPARAISO,14.7,12.0,0.0
2023-05-25,VALPARAISO,16.2,11.8,0.3
2023-05-26,VALPARAISO,17.8,6.4,0.0
2023-05-27,VALPARAISO,21.1,13.2,0.0
2023-05-28,VALPARAISO,22.3,16.0,0.0
2023-05-29,VALPARAISO,24.9,11.7,0.0
2023-05-30,VALPARAISO,22.8,13.9,0.0
2023-05-31,VALPARAISO,23.1,12.7,0.0
2023-06-01,VALPARAISO,20.0,12.7,0.0
2023-06-02,VALPARAISO,20.3,9.2,0.0
2023-06-03,VALPARAISO,15.5,10.7,0.0
2023-06-04,VALPARAISO,24.9,13.4,0.0
2023-06-05,VALPARAISO,26.3,16.8,0.0
2023-06-06,VALPARAISO,24.8,17.1,0.0
2023-06-07,VALPARAISO,21.4,12.5,0.0
2023-06-08,VALPARAISO,18.2,11.0,0.0
2023-06-09,VALPARAISO,17.2,9.9,0.1
2023-06-10,VALPARAISO,15.2,8.8,0.0
2023-06-11,VALPARAISO,13.1,7.4,0.0
2023-06-12,VALPARAISO,16.5,6.4,0.0
2023-06-13,VALPARAISO,18.9,7.7,0.0
2023-06-14,VALPARAISO,20.5,7.8,0.0
2023-06-15,VALPARAISO,22.8,9.9,0.0
2023-06-16,VALPARAISO,25.3,12.2,0.0
2023-06-17,VALPARAISO,26.8,11.9,0.0
2023-06-18,VALPARAISO,17.5,8.0,0.8
2023-06-19,VALPARAISO,17.1,6.6,0.0
2023-06-20,VALPARAISO,16.3,9.3,0.0
2023-06-21,VALPARAISO,17.5,10.4,0.1
2023-06-22,VALPARAISO,16.5,12.1,12.8
2023-06-23,VALPARAISO,18.4,12.1,7.8
2023-06-24,VALPARAISO,22.0,13.9,0.0
2023-06-25,VALPARAISO,19.7,12.9,0.0
2023-06-26,VALPARAISO,16.9,11.0,0.0
2023-06-27,VALPARAISO,14.9,9.7,1.0
2023-06-28,VALPARAISO,21.7,8.7,0.0
2023-06-29,VALPARAISO,23.8,11.7,0.0
2023-06-30,VALPARAISO,24.9,9.9,0.0
2023-07-01,VALPARAISO,23.1,10.7,0.0
2023-07-02,VALPARAISO,16.7,7.0,0.0
2023-07-03,VALPARAISO,20.4,11.8,0.0
2023-07-04,VALPARAISO,16.0,10.3,0.0
2023-07-05,VALPARAISO,15.9,8.8,0.0
2023-07-06,VALPARAISO,15.5,7.9,0.0
2023-07-07,VALPARAISO,12.4,8.2,0.0
2023-07-08,VALPARAISO,15.8,7.9,0.0
2023-07-09,VALPARAISO,18.0,9.3,0.0
2023-07-10,VALPARAISO,17.5,8.1,1.0
2023-07-11,VALPARAISO,13.6,5.2,11.6
2023-07-12,VALPARAISO,15.4,6.9,11.7
2023-07-13,VALPARAISO,21.4,5.6,0.0
2023-07-14,VALPARAISO,21.2,8.6,0.0
2023-07-15,VALPARAISO,20.1,12.3,0.0
2023-07-16,VALPARAISO,21.5,8.6,0.0
2023-07-17,VALPARAISO,18.1,7.5,0.0
2023-07-18,VALPARAISO,24.1,12.8,0.0
2023-07-19,VALPARAISO,22.3,16.2,0.0
2023-07-20,VALPARAISO,21.8,11.1,0.0
2023-07-21,VALPARAISO,15.5,8.8,0.0
2023-07-22,VALPARAISO,14.1,7.6,8.2
2023-07-23,VALPARAISO,16.5,10.2,0.0
2023-07-24,VALPARAISO,19.0,11.4,0.0
2023-07-25,VALPARAISO,15.3,9.6,0.0
2023-07-26,VALPARAISO,18.9,9.1,0.0
2023-07-27,VALPARAISO,21.5,8.1,0.0
2023-07-28,VALPARAISO,26.4,11.0,0.0
2023-07-29,VALPARAISO,26.1,15.8,0.0
2023-07-30,VALPARAISO,27.3,14.5,0.0
2023-07-31,VALPARAISO,22.7,14.8,0.0
2023-08-01,VALPARAISO,27.7,13.6,0.0
2023-08-02,VALPARAISO,28.1,17.1,0.0
2023-08-03,VALPARAISO,24.9,18.1,0.0
2023-08-04,VALPARAISO,28.3,12.6,0.0
2023-08-05,VALPARAISO,18.1,9.1,0.0
2023-08-06,VALPARAISO,17.0,6.2,0.5
2023-08-07,VALPARAISO,19.9,9.8,0.0
2023-08-08,VALPARAISO,21.4,11.4,0.0
2023-08-09,VALPARAISO,18.1,10.5,0.0
2023-08-10,VALPARAISO,13.9,8.1,9.0
2023-08-11,VALPARAISO,21.5,8.1,0.0
2023-08-12,VALPARAISO,25.8,12.9,0.0
2023-08-13,VALPARAISO,28.1,13.2,0.0
2023-08-14,VALPARAISO,26.4,12.1,0.0
2023-08-15,VALPARAISO,19.1,10.4,0.4
2023-08-16,VALPARAISO,14.5,10.7,0.2
2023-08-17,VALPARAISO,15.3,9.4,0.5
2023-08-18,VALPARAISO,16.5,8.9,0.0
2023-08-19,VALPARAISO,14.8,10.8,6.1
2023-08-20,VALPARAISO,20.2,9.4,0.2
2023-08-21,VALPARAISO,19.3,10.6,0.0
2023-08-22,VALPARAISO,15.4,8.6,4.7
2023-08-23,VALPARAISO,12.3,9.8,15.9
2023-08-24,VALPARAISO,14.2,8.0,0.0
2023-08-25,VALPARAISO,16.2,5.5,0.0
2023-08-26,VALPARAISO,17.7,8.4,0.0
2023-08-27,VALPARAISO,23.5,6.6,0.0
2023-08-28,VALPARAISO,18.3,12.1,0.0
2023-08-29,VALPARAISO,21.4,6.3,0.0
2023-08-30,VALPARAISO,19.6,8.5,0.0
2023-08-31,VALPARAISO,22.8,12.1,0.0
2023-09-01,VALPARAISO,17.7,9.6,0.4
2023-09-02,VALPARAISO,14.7,9.1,2.0
2023-09-03,VALPARAISO,15.1,7.4,1.0
2023-09-04,VALPARAISO,16.1,9.9,0.0
2023-09-05,VALPARAISO,18.5,12.4,0.0
2023-09-06,VALPARAISO,16.3,9.5,4.2
2023-09-07,VALPARAISO,16.6,5.9,0.6
2023-09-08,VALPARAISO,19.0,8.8,3.8
2023-09-09,VALPARAISO,18.4,11.2,0.0
2023-09-10,VALPARAISO,18.7,10.7,0.0
2023-09-11,VALPARAISO,16.8,10.4,22.7
2023-09-12,VALPARAISO,13.4,8.2,1.4
2023-09-13,VALPARAISO,14.7,2.7,0.0
2023-09-14,VALPARAISO,22.7,9.9,0.0
2023-09-15,VALPARAISO,24.9,13.7,0.0
2023-09-16,VALPARAISO,20.4,11.2,0.0
2023-09-17,VALPARAISO,13.2,8.8,0.9
2023-09-18,VALPARAISO,18.7,8.7,0.0
2023-09-19,VALPARAISO,24.0,12.7,0.0
2023-09-20,VALPARAISO,16.2,9.1,0.0
2023-09-21,VALPARAISO,18.2,7.9,0.0
2023-09-22,VALPARAISO,18.3,11.2,0.0
2023-09-23,VALPARAISO,18.8,11.5,0.0
2023-09-24,VALPARAISO,20.5,11.0,0.0
2023-09-25,VALPARAISO,17.2,9.1,0.0
2023-09-26,VALPARAISO,17.5,6.7,0.0
2023-09-27,VALPARAISO,20.5,9.6,0.0
2023-09-28,VALPARAISO,19.2,9.7,0.0
2023-09-29,VALPARAISO,22.7,12.2,0.0
2023-09-30,VALPARAISO,21.4,13.8,0.0
2023-10-01,VALPARAISO,18.1,9.1,0.1
2023-10-02,VALPARAISO,15.5,8.7,0.6
2023-10-03,VALPARAISO,16.6,8.8,8.8
2023-10-04,VALPARAISO,19.4,10.8,0.0
2023-10-05,VALPARAISO,17.3,8.2,0.1
2023-10-06,VALPARAISO,17.3,7.1,0.0
2023-10-07,VALPARAISO,23.0,8.1,0.0
2023-10-08,VALPARAISO,24.7,12.5,0.0
2023-10-09,VALPARAISO,26.1,13.8,0.0
2023-10-10,VALPARAISO,18.3,10.2,0.0
2023-10-11,VALPARAISO,18.6,7.2,0.0
2023-10-12,VALPARAISO,24.1,11.6,0.0
2023-10-13,VALPARAISO,26.1,16.2,0.0
2023-10-14,VALPARAISO,23.8,14.1,0.0
2023-10-15,VALPARAISO,21.9,12.1,0.0
2023-10-16,VALPARAISO,22.7,9.9,0.0
2023-10-17,VALPARAISO,24.1,11.1,0.0
2023-10-18,VALPARAISO,21.2,9.9,0.9
2023-10-19,VALPARAISO,28.1,12.0,0.0
2023-10-20,VALPARAISO,23.1,13.4,0.0
2023-10-21,VALPARAISO,16.7,10.8,0.0
2023-10-22,VALPARAISO,20.2,11.5,0.0
2023-10-23,VALPARAISO,21.7,10.6,0.0
2023-10-24,VALPARAISO,22.5,11.7,0.0
2023-10-25,VALPARAISO,23.0,12.2,0.0
2023-10-26,VALPARAISO,20.5,9.7,0.0
2023-10-27,VALPARAISO,19.1,8.0,0.0
2023-10-28,VALPARAISO,18.6,9.2,0.2
2023-10-29,VALPARAISO,21.6,9.1,6.1
2023-10-30,VALPARAISO,18.7,11.0,0.0
2023-10-31,VALPARAISO,21.6,11.2,0.0
2023-11-01,VALPARAISO,16.2,9.3,5.5
2023-11-02,VALPARAISO,14.6,7.5,30.0
2023-11-03,VALPARAISO,26.7,6.8,0.0
2023-11-04,VALPARAISO,20.2,11.1,0.0
2023-11-05,VALPARAISO,20.6,11.1,0.0
2023-11-06,VALPARAISO,18.6,9.7,0.0
2023-11-07,VALPARAISO,22.6,9.4,0.0
2023-11-08,VALPARAISO,27.0,16.1,0.0
2023-11-09,VALPARAISO,24.7,14.8,1.1
2023-11-10,VALPARAISO,19.7,12.5,26.7
2023-11-11,VALPARAISO,16.6,10.5,0.0
2023-11-12,VALPARAISO,17.2,8.5,0.1
2023-11-13,VALPARAISO,20.1,8.1,0.0
2023-11-14,VALPARAISO,21.3,11.0,0.0
2023-11-15,VALPARAISO,18.3,9.2,0.0
2023-11-16,VALPARAISO,20.8,9.7,0.0
2023-11-17,VALPARAISO,19.5,8.8,0.0
2023-11-18,VALPARAISO,24.3,11.5,0.0
2023-11-19,VALPARAISO,27.2,12.6,0.0
2023-11-20,VALPARAISO,25.0,11.4,0.0
2023-11-21,VALPARAISO,23.8,12.4,0.0
2023-11-22,VALPARAISO,24.8,11.9,0.0
2023-11-23,VALPARAISO,28.6,16.9,0.0
2023-11-24,VALPARAISO,25.1,14.6,0.0
2023-11-25,VALPARAISO,24.3,13.4,0.0
2023-11-26,VALPARAISO,24.5,13.9,0.0
2023-11-27,VALPARAISO,24.0,13.3,0.0
2023-11-28,VALPARAISO,21.1,11.7,0.0
2023-11-29,VALPARAISO,27.0,11.0,0.0
2023-11-30,VALPARAISO,22.4,13.2,0.0
2023-12-01,VALPARAISO,23.2,11.5,0.0
2023-12-02,VALPARAISO,23.2,11.7,0.0
2023-12-03,VALPARAISO,26.5,15.1,0.0
2023-12-04,VALPARAISO,25.3,13.9,0.0
2023-12-05,VALPARAISO,22.7,11.3,0.0
2023-12-06,VALPARAISO,26.1,12.2,0.0
2023-12-07,VALPARAISO,29.3,16.0,0.0
2023-12-08,VALPARAISO,24.5,14.4,0.0
2023-12-09,VALPARAISO,30.2,16.1,0.0
2023-12-10,VALPARAISO,29.6,15.5,0.0
2023-12-11,VALPARAISO,23.6,12.6,0.0
2023-12-12,VALPARAISO,27.1,16.0,0.0
2023-12-13,VALPARAISO,29.3,18.1,0.0
2023-12-14,VALPARAISO,24.9,13.8,0.0
2023-12-15,VALPARAISO,25.2,14.7,0.0
2023-12-16,VALPARAISO,22.5,10.6,0.0
2023-12-17,VALPARAISO,22.9,10.5,0.0
2023-12-18,VALPARAISO,27.3,13.8,0.0
2023-12-19,VALPARAISO,22.5,13.0,0.0
2023-12-20,VALPARAISO,26.6,13.3,0.0
2023-12-21,VALPARAISO,26.3,14.1,0.0
2023-12-22,VALPARAISO,28.4,13.6,0.0
2023-12-23,VALPARAISO,27.7,17.4,0.0
2023-12-24,VALPARAISO,25.5,14.6,0.0
2023-12-25,VALPARAISO,30.2,19.1,0.0
2023-12-26,VALPARAISO,24.1,16.8,0.0
2023-12-27,VALPARAISO,25.0,14.8,0.0
2023-12-28,VALPARAISO,22.5,13.4,0.0
2023-12-29,VALPARAISO,25.7,14.0,0.0
2023-12-30,VALPARAISO,23.7,13.1,0.0
2023-12-31,VALPARAISO,26.1,13.0,0.0
2024-01-01,VALPARAISO,26.5,14.5,0.0
2024-01-02,VALPARAISO,26.6,14.4,0.0
2024-01-03,VALPARAISO,26.0,16.9,0.0
2024-01-04,VALPARAISO,26.0,16.7,0.0
2024-01-05,VALPARAISO,25.6,15.7,0.0
2024-01-06,VALPARAISO,25.1,15.4,0.0
2024-01-07,VALPARAISO,27.3,15.4,0.0
2024-01-08,VALPARAISO,27.4,17.2,0.0
2024-01-09,VALPARAISO,26.6,15.5,0.0
2024-01-10,VALPARAISO,26.7,14.2,0.0
2024-01-11,VALPARAISO,26.5,16.3,0.0
2024-01-12,VALPARAISO,25.6,14.4,0.0
2024-01-13,VALPARAISO,25.6,13.1,0.0
2024-01-14,VALPARAISO,31.7,16.2,0.0
2024-01-15,VALPARAISO,28.8,14.5,0.0
2024-01-16,VALPARAISO,27.5,12.6,0.0
2024-01-17,VALPARAISO,26.5,16.8,0.0
2024-01-18,VALPARAISO,28.0,15.8,0.0
2024-01-19,VALPARAISO,28.8,19.3,0.0
2024-01-20,VALPARAISO,28.7,17.7,0.0
2024-01-21,VALPARAISO,29.6,17.9,0.0
2024-01-22,VALPARAISO,30.6,19.5,0.0
2024-01-23,VALPARAISO,29.0,18.2,0.0
2024-01-24,VALPARAISO,31.5,19.5,0.0
2024-01-25,VALPARAISO,27.2,19.6,0.0
2024-01-26,VALPARAISO,27.9,17.0,0.0
2024-01-27,VALPARAISO,30.5,18.3,0.0
2024-01-28,VALPARAISO,27.0,18.6,0.0
2024-01-29,VALPARAISO,27.8,19.1,0.0
2024-01-30,VALPARAISO,29.5,18.7,0.0
2024-01-31,VALPARAISO,34.9,21.2,0.0
2024-02-01,VALPARAISO,31.4,21.2,0.0
2024-02-02,VALPARAISO,34.1,20.2,0.0
2024-02-03,VALPARAISO,34.4,20.1,0.0
2024-02-04,VALPARAISO,27.5,19.3,0.0
2024-02-05,VALPARAISO,30.2,17.8,0.0
2024-02-06,VALPARAISO,27.8,18.6,0.0
2024-02-07,VALPARAISO,31.0,19.0,0.0
2024-02-08,VALPARAISO,29.2,19.6,0.0
2024-02-09,VALPARAISO,29.5,17.4,0.0
2024-02-10,VALPARAISO,31.5,19.1,0.0
2024-02-11,VALPARAISO,26.3,17.1,0.0
2024-02-12,VALPARAISO,31.1,17.4,0.0
2024-02-13,VALPARAISO,26.7,18.6,0.0
2024-02-14,VALPARAISO,29.2,17.1,0.0
2024-02-15,VALPARAISO,29.6,17.2,0.0
2024-02-16,VALPARAISO,26.7,15.6,0.0
2024-02-17,VALPARAISO,29.8,18.8,0.0
2024-02-18,VALPARAISO,28.7,19.4,0.0
2024-02-19,VALPARAISO,25.7,15.5,0.0
2024-02-20,VALPARAISO,26.7,14.7,0.0
2024-02-21,VALPARAISO,25.3,14.8,0.0
2024-02-22,VALPARAISO,19.5,15.1,6.2
2024-02-23,VALPARAISO,24.4,15.4,0.0
2024-02-24,VALPARAISO,26.1,16.5,0.0
2024-02-25,VALPARAISO,26.0,17.4,0.0
2024-02-26,VALPARAISO,27.8,16.1,0.0
2024-02-27,VALPARAISO,26.7,17.2,0.0
2024-02-28,VALPARAISO,29.1,17.3,0.0
2024-02-29,VALPARAISO,28.6,19.2,0.0
2024-03-01,VALPARAISO,26.4,17.7,0.0
2024-03-02,VALPARAISO,27.9,19.3,0.0
2024-03-03,VALPARAISO,28.1,19.4,0.0
2024-03-04,VALPARAISO,29.2,19.9,0.0
2024-03-05,VALPARAISO,26.5,18.5,0.0
2024-03-06,VALPARAISO,26.4,17.2,0.0
2024-03-07,VALPARAISO,26.3,15.7,0.0
2024-03-08,VALPARAISO,26.8,14.7,0.0
2024-03-09,VALPARAISO,28.8,16.8,0.0
2024-03-10,VALPARAISO,25.7,17.0,0.0
2024-03-11,VALPARAISO,25.6,14.5,0.0
2024-03-12,VALPARAISO,26.5,14.1,0.0
2024-03-13,VALPARAISO,27.0,13.7,0.0
2024-03-14,VALPARAISO,26.5,17.4,0.0
2024-03-15,VALPARAISO,26.6,16.2,0.0
2024-03-16,VALPARAISO,27.0,15.3,0.0
2024-03-17,VALPARAISO,27.7,16.9,0.0
2024-03-18,VALPARAISO,29.9,18.7,0.0
2024-03-19,VALPARAISO,26.9,16.9,0.0
2024-03-20,VALPARAISO,21.9,12.3,0.0
2024-03-21,VALPARAISO,31.0,16.4,0.0
2024-03-22,VALPARAISO,30.3,20.4,0.0
2024-03-23,VALPARAISO,28.4,18.2,0.0
2024-03-24,VALPARAISO,28.5,19.1,0.0
2024-03-25,VALPARAISO,24.5,16.8,0.0
2024-03-26,VALPARAISO,27.5,16.4,0.0
2024-03-27,VALPARAISO,27.0,17.8,0.0
2024-03-28,VALPARAISO,27.8,18.4,0.0
2024-03-29,VALPARAISO,28.6,18.6,0.0
2024-03-30,VALPARAISO,31.3,17.9,0.0
2024-03-31,VALPARAISO,30.0,19.5,0.0
2024-04-01,VALPARAISO,26.0,17.2,0.0
2024-04-02,VALPARAISO,26.0,15.3,0.0
2024-04-03,VALPARAISO,25.1,13.9,0.0
2024-04-04,VALPARAISO,26.4,15.8,0.0
2024-04-05,VALPARAISO,28.2,17.6,0.0
2024-04-06,VALPARAISO,25.5,14.1,0.0
2024-04-07,VALPARAISO,29.5,17.4,0.0
2024-04-08,VALPARAISO,24.0,15.9,0.0
2024-04-09,VALPARAISO,24.8,17.3,0.0
2024-04-10,VALPARAISO,26.1,15.5,0.0
2024-04-11,VALPARAISO,21.4,13.1,0.0
2024-04-12,VALPARAISO,19.0,11.2,0.0
2024-04-13,VALPARAISO,18.5,9.7,0.2
2024-04-14,VALPARAISO,19.5,11.8,0.7
2024-04-15,VALPARAISO,18.5,12.1,1.0
2024-04-16,VALPARAISO,24.0,10.8,0.0
2024-04-17,VALPARAISO,30.1,12.0,0.0
2024-04-18,VALPARAISO,30.8,14.5,0.0
2024-04-19,VALPARAISO,25.5,16.1,0.0
2024-04-20,VALPARAISO,22.4,16.1,0.0
2024-04-21,VALPARAISO,18.6,12.7,0.1
2024-04-22,VALPARAISO,19.8,10.4,0.0
2024-04-23,VALPARAISO,25.2,12.8,0.0
2024-04-24,VALPARAISO,22.8,11.8,0.0
2024-04-25,VALPARAISO,21.6,11.3,0.0
2024-04-26,VALPARAISO,19.1,11.2,0.0
2024-04-27,VALPARAISO,21.1,10.9,0.0
2024-04-28,VALPARAISO,19.2,10.6,0.0
2024-04-29,VALPARAISO,16.6,6.5,0.0
2024-04-30,VALPARAISO,18.5,6.9,0.0
2024-05-01,VALPARAISO,16.2,9.0,0.0
2024-05-02,VALPARAISO,16.5,8.3,0.0
2024-05-03,VALPARAISO,18.5,7.5,0.0
2024-05-04,VALPARAISO,18.0,7.4,0.0
2024-05-05,VALPARAISO,17.7,11.4,0.0
2024-05-06,VALPARAISO,16.9,7.9,0.0
2024-05-07,VALPARAISO,14.8,4.7,30.1
2024-05-08,VALPARAISO,19.3,4.5,0.0
2024-05-09,VALPARAISO,19.3,7.7,0.0
2024-05-10,VALPARAISO,16.0,7.5,0.0
2024-05-11,VALPARAISO,15.9,8.9,0.0
2024-05-12,VALPARAISO,14.0,6.2,0.0
2024-05-13,VALPARAISO,16.3,9.2,0.0
2024-05-14,VALPARAISO,15.4,8.4,0.0
2024-05-15,VALPARAISO,11.4,5.3,0.8
2024-05-16,VALPARAISO,14.3,2.5,0.0
2024-05-17,VALPARAISO,13.9,5.9,0.0
2024-05-18,VALPARAISO,16.9,2.2,0.0
2024-05-19,VALPARAISO,21.0,5.3,0.0
2024-05-20,VALPARAISO,16.8,9.9,1.0
2024-05-21,VALPARAISO,15.1,9.2,5.5
2024-05-22,VALPARAISO,14.1,8.3,19.4
2024-05-23,VALPARAISO,14.9,6.3,15.0
2024-05-24,VALPARAISO,19.9,6.0,0.0
2024-05-25,VALPARAISO,16.8,8.7,1.1
2024-05-26,VALPARAISO,15.3,6.8,0.0
2024-05-27,VALPARAISO,20.7,5.8,0.0
2024-05-28,VALPARAISO,22.4,9.1,0.0
2024-05-29,VALPARAISO,20.3,12.3,0.0
2024-05-30,VALPARAISO,24.3,12.3,0.0
2024-05-31,VALPARAISO,20.7,10.1,0.0
2024-06-01,VALPARAISO,24.0,7.8,0.0
2024-06-02,VALPARAISO,25.0,15.8,0.0
2024-06-03,VALPARAISO,20.8,13.1,0.0
2024-06-04,VALPARAISO,20.9,13.5,0.4
2024-06-05,VALPARAISO,20.6,12.8,0.0
2024-06-06,VALPARAISO,19.5,13.1,0.0
2024-06-07,VALPARAISO,24.8,12.4,0.0
2024-06-08,VALPARAISO,17.9,10.3,1.3
2024-06-09,VALPARAISO,14.7,8.5,16.6
2024-06-10,VALPARAISO,15.8,10.6,0.0
2024-06-11,VALPARAISO,18.3,11.7,0.0
2024-06-12,VALPARAISO,15.3,8.2,0.1
2024-06-13,VALPARAISO,16.0,9.0,56.4
2024-06-14,VALPARAISO,15.4,8.4,31.1
2024-06-15,VALPARAISO,15.2,4.0,0.0
2024-06-16,VALPARAISO,16.4,7.3,0.0
2024-06-17,VALPARAISO,16.3,7.7,0.0
2024-06-18,VALPARAISO,14.7,6.3,9.9
2024-06-19,VALPARAISO,16.6,6.2,0.2
2024-06-20,VALPARAISO,14.6,9.0,0.0
2024-06-21,VALPARAISO,11.2,7.0,35.2
2024-06-22,VALPARAISO,11.6,8.6,18.5
2024-06-23,VALPARAISO,10.5,6.0,0.3
2024-06-24,VALPARAISO,9.5,5.4,1.6
2024-06-25,VALPARAISO,12.6,4.9,0.1
2024-06-26,VALPARAISO,22.1,5.1,0.0
2024-06-27,VALPARAISO,20.8,8.8,0.0
2024-06-28,VALPARAISO,21.0,9.5,0.0
2024-06-29,VALPARAISO,21.6,8.5,0.0
2024-06-30,VALPARAISO,22.4,8.2,0.0
2024-07-01,VALPARAISO,23.8,7.7,0.0
2024-07-02,VALPARAISO,22.3,9.2,0.0
2024-07-03,VALPARAISO,22.2,10.5,0.0
2024-07-04,VALPARAISO,18.1,9.1,0.0
2024-07-05,VALPARAISO,19.0,8.2,0.0
2024-07-06,VALPARAISO,17.3,9.7,0.0
2024-07-07,VALPARAISO,17.2,8.5,0.0
2024-07-08,VALPARAISO,15.6,8.3,0.0
2024-07-09,VALPARAISO,12.6,5.1,0.0
2024-07-10,VALPARAISO,11.5,3.6,0.4
2024-07-11,VALPARAISO,13.6,4.2,0.0
2024-07-12,VALPARAISO,15.0,3.1,0.0
2024-07-13,VALPARAISO,17.4,2.8,0.0
2024-07-14,VALPARAISO,16.5,6.8,0.0
2024-07-15,VALPARAISO,18.6,6.2,0.0
2024-07-16,VALPARAISO,25.1,13.3,0.0
2024-07-17,VALPARAISO,22.1,7.8,0.0
2024-07-18,VALPARAISO,17.5,9.9,0.0
2024-07-19,VALPARAISO,16.7,9.4,0.0
2024-07-20,VALPARAISO,14.8,6.5,0.0
2024-07-21,VALPARAISO,14.6,6.0,0.8
2024-07-22,VALPARAISO,20.1,6.4,0.0
2024-07-23,VALPARAISO,12.9,6.4,0.3
2024-07-24,VALPARAISO,19.5,5.6,0.0
2024-07-25,VALPARAISO,22.5,7.9,0.0
2024-07-26,VALPARAISO,17.4,9.5,0.0
2024-07-27,VALPARAISO,21.7,12.8,0.0
2024-07-28,VALPARAISO,21.3,12.6,0.0
2024-07-29,VALPARAISO,25.6,9.3,0.0
2024-07-30,VALPARAISO,22.1,12.7,0.0
2024-07-31,VALPARAISO,17.0,9.5,0.0
2024-08-01,VALPARAISO,11.7,7.8,0.0
2024-08-02,VALPARAISO,13.6,4.3,84.3
2024-08-03,VALPARAISO,15.1,2.7,9.6
2024-08-04,VALPARAISO,16.5,8.9,0.0
2024-08-05,VALPARAISO,13.6,6.2,2.8
2024-08-06,VALPARAISO,14.6,6.1,8.9
2024-08-07,VALPARAISO,10.2,4.8,0.0
2024-08-08,VALPARAISO,17.7,1.4,0.0
2024-08-09,VALPARAISO,23.1,1.6,0.0
2024-08-10,VALPARAISO,22.8,8.9,0.0
2024-08-11,VALPARAISO,25.0,8.5,0.0
2024-08-12,VALPARAISO,26.6,9.5,0.0
2024-08-13,VALPARAISO,22.1,12.9,0.0
2024-08-14,VALPARAISO,19.0,11.7,0.0
2024-08-15,VALPARAISO,17.5,11.6,0.0
2024-08-16,VALPARAISO,16.2,9.5,0.0
2024-08-17,VALPARAISO,17.3,9.3,0.0
2024-08-18,VALPARAISO,14.1,9.1,0.0
2024-08-19,VALPARAISO,12.9,7.3,0.0
2024-08-20,VALPARAISO,10.7,5.1,0.0
2024-08-21,VALPARAISO,10.7,3.9,13.2
2024-08-22,VALPARAISO,12.8,3.6,0.1
2024-08-23,VALPARAISO,11.3,2.7,0.0
2024-08-24,VALPARAISO,20.1,1.6,0.0
2024-08-25,VALPARAISO,20.5,8.9,0.0
2024-08-26,VALPARAISO,17.8,8.8,0.0
2024-08-27,VALPARAISO,20.0,8.0,0.0
2024-08-28,VALPARAISO,15.4,8.1,0.0
2024-08-29,VALPARAISO,12.3,7.0,0.4
2024-08-30,VALPARAISO,15.5,6.7,5.8
2024-08-31,VALPARAISO,21.9,5.0,0.0
2024-09-01,VALPARAISO,26.1,10.5,0.0
2024-09-02,VALPARAISO,18.8,7.9,0.0
2024-09-03,VALPARAISO,17.2,8.6,0.0
2024-09-04,VALPARAISO,22.3,10.4,0.0
2024-09-05,VALPARAISO,24.7,11.1,0.0
2024-09-06,VALPARAISO,18.6,11.2,0.0
2024-09-07,VALPARAISO,18.5,8.2,0.0
2024-09-08,VALPARAISO,20.3,11.6,0.0
2024-09-09,VALPARAISO,23.5,11.4,0.0
2024-09-10,VALPARAISO,19.0,10.1,0.0
2024-09-11,VALPARAISO,18.8,8.1,0.0
2024-09-12,VALPARAISO,14.9,8.4,0.7
2024-09-13,VALPARAISO,18.4,7.4,0.0
2024-09-14,VALPARAISO,22.7,8.4,0.0
2024-09-15,VALPARAISO,24.5,10.8,0.0
2024-09-16,VALPARAISO,26.7,10.3,0.0
2024-09-17,VALPARAISO,20.9,9.7,0.0
2024-09-18,VALPARAISO,23.1,10.0,0.0
2024-09-19,VALPARAISO,16.7,5.7,3.4
2024-09-20,VALPARAISO,22.7,9.7,0.0
2024-09-21,VALPARAISO,19.6,9.0,0.0
2024-09-22,VALPARAISO,13.6,8.2,0.0
2024-09-23,VALPARAISO,13.9,10.5,3.0
2024-09-24,VALPARAISO,16.9,10.0,0.0
2024-09-25,VALPARAISO,18.2,10.0,0.0
2024-09-26,VALPARAISO,26.6,3.9,0.0
2024-09-27,VALPARAISO,23.0,13.5,0.0
2024-09-28,VALPARAISO,26.6,13.6,0.0
2024-09-29,VALPARAISO,18.6,10.2,0.0
2024-09-30,VALPARAISO,16.5,8.0,0.0
2024-10-01,VALPARAISO,18.5,7.7,0.0
2024-10-02,VALPARAISO,21.7,10.7,0.0
2024-10-03,VALPARAISO,26.5,13.9,0.0
2024-10-04,VALPARAISO,25.7,16.2,0.0
2024-10-05,VALPARAISO,24.8,15.8,0.0
2024-10-06,VALPARAISO,20.0,13.7,0.3
2024-10-07,VALPARAISO,20.0,11.0,5.3
2024-10-08,VALPARAISO,16.3,9.6,19.8
2024-10-09,VALPARAISO,18.9,11.9,1.0
2024-10-10,VALPARAISO,15.9,11.1,0.0
2024-10-11,VALPARAISO,18.9,10.9,0.0
2024-10-12,VALPARAISO,19.4,13.1,0.0
2024-10-13,VALPARAISO,22.9,13.0,0.0
2024-10-14,VALPARAISO,21.3,13.7,0.0
2024-10-15,VALPARAISO,27.8,15.4,0.0
2024-10-16,VALPARAISO,19.1,10.2,0.0
2024-10-17,VALPARAISO,25.5,12.8,0.0
2024-10-18,VALPARAISO,27.9,16.5,0.0
2024-10-19,VALPARAISO,20.0,10.6,0.0
2024-10-20,VALPARAISO,17.2,9.1,1.3
2024-10-21,VALPARAISO,22.0,9.4,0.0
2024-10-22,VALPARAISO,20.3,10.4,9.5
2024-10-23,VALPARAISO,16.1,10.1,1.7
2024-10-24,VALPARAISO,25.7,8.0,0.0
2024-10-25,VALPARAISO,23.1,10.7,0.0
2024-10-26,VALPARAISO,26.3,12.4,0.0
2024-10-27,VALPARAISO,26.6,14.1,0.0
2024-10-28,VALPARAISO,28.4,15.9,0.0
2024-10-29,VALPARAISO,21.8,13.7,0.0
2024-10-30,VALPARAISO,23.8,13.0,0.0
2024-10-31,VALPARAISO,25.3,11.6,0.0
2024-11-01,VALPARAISO,17.8,10.7,0.0
2024-11-02,VALPARAISO,24.5,10.5,0.0
2024-11-03,VALPARAISO,24.1,10.1,0.0
2024-11-04,VALPARAISO,22.6,11.1,0.0
2024-11-05,VALPARAISO,26.8,13.3,0.0
2024-11-06,VALPARAISO,25.9,15.6,0.0
2024-11-07,VALPARAISO,27.1,15.9,0.0
2024-11-08,VALPARAISO,29.6,16.4,0.0
2024-11-09,VALPARAISO,26.7,14.8,0.0
2024-11-10,VALPARAISO,22.6,11.2,0.0
2024-11-11,VALPARAISO,27.0,14.4,0.0
2024-11-12,VALPARAISO,32.8,15.7,0.0
2024-11-13,VALPARAISO,22.4,15.3,0.0
2024-11-14,VALPARAISO,24.3,14.3,0.0
2024-11-15,VALPARAISO,22.0,11.6,0.0
2024-11-16,VALPARAISO,21.8,13.0,0.0
2024-11-17,VALPARAISO,22.9,12.0,0.0
2024-11-18,VALPARAISO,23.0,13.5,0.0
2024-11-19,VALPARAISO,23.7,10.2,0.0
2024-11-20,VALPARAISO,24.0,13.4,0.0
2024-11-21,VALPARAISO,23.7,14.7,0.0
2024-11-22,VALPARAISO,23.5,12.1,0.0
2024-11-23,VALPARAISO,26.0,14.2,0.0
2024-11-24,VALPARAISO,26.4,14.5,0.0
2024-11-25,VALPARAISO,24.3,14.7,0.0
2024-11-26,VALPARAISO,24.1,13.1,0.0
2024-11-27,VALPARAISO,22.2,12.1,0.0
2024-11-28,VALPARAISO,23.1,9.9,0.0
2024-11-29,VALPARAISO,25.1,15.0,0.0
2024-11-30,VALPARAISO,23.2,11.8,0.0
2024-12-01,VALPARAISO,21.9,8.8,0.0
2024-12-02,VALPARAISO,23.0,13.4,0.0
2024-12-03,VALPARAISO,22.1,12.4,0.0
2024-12-04,VALPARAISO,21.7,11.4,0.0
2024-12-05,VALPARAISO,20.8,10.0,0.0
2024-12-06,VALPARAISO,23.2,11.2,0.0
2024-12-07,VALPARAISO,23.6,14.0,0.0
2024-12-08,VALPARAISO,21.8,12.7,0.0
2024-12-09,VALPARAISO,27.2,13.6,0.0
2024-12-10,VALPARAISO,24.5,15.1,0.0
2024-12-11,VALPARAISO,26.1,15.1,0.0
2024-12-12,VALPARAISO,25.0,11.5,0.0
2024-12-13,VALPARAISO,25.7,16.8,0.0
2024-12-14,VALPARAISO,26.1,16.0,0.0
2024-12-15,VALPARAISO,24.3,14.8,0.0
2024-12-16,VALPARAISO,24.4,14.8,0.0
2024-12-17,VALPARAISO,23.4,13.9,0.0
2024-12-18,VALPARAISO,25.2,12.7,0.0
2024-12-19,VALPARAISO,31.9,18.3,0.0
2024-12-20,VALPARAISO,27.1,17.8,0.0
2024-12-21,VALPARAISO,28.7,17.8,0.0
2024-12-22,VALPARAISO,29.2,19.8,0.0
2024-12-23,VALPARAISO,26.2,19.1,0.0
2024-12-24,VALPARAISO,26.4,18.1,0.0
2024-12-25,VALPARAISO,26.7,17.2,0.0
2024-12-26,VALPARAISO,24.0,13.6,0.0
2024-12-27,VALPARAISO,24.9,15.4,0.0
2024-12-28,VALPARAISO,26.0,16.1,0.0
2024-12-29,VALPARAISO,26.5,16.2,0.0
2024-12-30,VALPARAISO,26.4,15.6,0.0
2024-12-31,VALPARAISO,27.2,17.8,0.0
2025-01-01,VALPARAISO,25.8,17.5,0.0
2025-01-02,VALPARAISO,26.4,17.2,0.0
2025-01-03,VALPARAISO,26.2,18.4,0.0
2025-01-04,VALPARAISO,26.6,16.2,0.0
2025-01-05,VALPARAISO,29.4,18.9,0.0
2025-01-06,VALPARAISO,26.2,18.0,0.0
2025-01-07,VALPARAISO,23.3,13.7,0.1
2025-01-08,VALPARAISO,25.2,14.6,0.0
2025-01-09,VALPARAISO,27.8,16.8,0.0
2025-01-10,VALPARAISO,28.0,19.1,0.0
2025-01-11,VALPARAISO,29.2,19.2,0.0
2025-01-12,VALPARAISO,23.8,16.7,0.0
2025-01-13,VALPARAISO,27.2,15.2,0.0
2025-01-14,VALPARAISO,27.8,16.9,0.0
2025-01-15,VALPARAISO,28.9,17.6,0.0
2025-01-16,VALPARAISO,29.8,18.8,0.0
2025-01-17,VALPARAISO,29.0,19.2,0.0
2025-01-18,VALPARAISO,25.1,15.8,0.0
2025-01-19,VALPARAISO,29.3,18.0,0.0
2025-01-20,VALPARAISO,24.4,16.5,0.0
2025-01-21,VALPARAISO,26.1,16.4,0.0
2025-01-22,VALPARAISO,25.1,16.0,0.0
2025-01-23,VALPARAISO,27.9,15.4,0.0
2025-01-24,VALPARAISO,29.8,18.7,0.0
2025-01-25,VALPARAISO,29.1,19.4,0.0
2025-01-26,VALPARAISO,27.6,17.8,0.0
2025-01-27,VALPARAISO,29.0,18.0,0.0
2025-01-28,VALPARAISO,27.9,19.3,0.0
2025-01-29,VALPARAISO,24.5,19.0,0.0
2025-01-30,VALPARAISO,25.7,17.5,0.0
2025-01-31,VALPARAISO,27.0,17.3,0.0
2025-02-01,VALPARAISO,27.0,17.9,0.0
2025-02-02,VALPARAISO,27.2,16.9,0.0
2025-02-03,VALPARAISO,28.6,18.2,0.0
2025-02-04,VALPARAISO,28.3,20.4,0.0
2025-02-05,VALPARAISO,30.3,19.7,0.0
2025-02-06,VALPARAISO,28.9,20.1,0.0
2025-02-07,VALPARAISO,27.0,19.7,0.0
2025-02-08,VALPARAISO,29.8,20.5,0.0
2025-02-09,VALPARAISO,27.8,21.4,0.0
2025-02-10,VALPARAISO,25.6,18.0,0.0
2025-02-11,VALPARAISO,27.1,18.0,0.0
2025-02-12,VALPARAISO,27.2,17.8,0.0
2025-02-13,VALPARAISO,27.7,18.5,0.0
2025-02-14,VALPARAISO,26.6,16.5,0.0
2025-02-15,VALPARAISO,24.4,14.4,0.0
2025-02-16,VALPARAISO,25.7,14.2,0.0
2025-02-17,VALPARAISO,26.7,17.4,0.0
2025-02-18,VALPARAISO,24.9,17.6,0.0
2025-02-19,VALPARAISO,22.8,14.6,0.0
2025-02-20,VALPARAISO,26.4,16.2,0.0
2025-02-21,VALPARAISO,28.8,19.3,0.0
2025-02-22,VALPARAISO,28.9,19.4,0.0
2025-02-23,VALPARAISO,28.8,20.1,0.0
2025-02-24,VALPARAISO,29.7,19.4,0.0
2025-02-25,VALPARAISO,28.6,19.8,0.0
2025-02-26,VALPARAISO,28.5,19.8,0.0
2025-02-27,VALPARAISO,27.3,18.2,0.0
2025-02-28,VALPARAISO,24.9,16.3,0.3
2025-03-01,VALPARAISO,25.5,16.6,0.0
2025-03-02,VALPARAISO,24.1,15.3,0.0
2025-03-03,VALPARAISO,26.7,13.9,0.0
2025-03-04,VALPARAISO,26.2,16.1,0.0
2025-03-05,VALPARAISO,25.7,17.3,0.0
2025-03-06,VALPARAISO,25.0,16.2,0.0
2025-03-07,VALPARAISO,26.0,14.7,0.0
2025-03-08,VALPARAISO,28.5,16.6,0.0
2025-03-09,VALPARAISO,26.7,18.7,0.0
2025-03-10,VALPARAISO,26.3,17.3,0.0
2025-03-11,VALPARAISO,27.8,18.8,0.0
2025-03-12,VALPARAISO,28.3,20.2,0.0
2025-03-13,VALPARAISO,26.2,17.2,0.0
2025-03-14,VALPARAISO,23.2,14.7,0.0
2025-03-15,VALPARAISO,23.8,14.1,0.0
2025-03-16,VALPARAISO,26.2,15.8,0.0
2025-03-17,VALPARAISO,29.4,17.7,0.0
2025-03-18,VALPARAISO,29.8,18.7,0.0
2025-03-19,VALPARAISO,22.3,14.6,0.0
2025-03-20,VALPARAISO,24.9,16.0,0.0
2025-03-21,VALPARAISO,27.0,15.9,0.0
2025-03-22,VALPARAISO,26.8,17.1,0.0
2025-03-23,VALPARAISO,23.9,14.2,0.0
2025-03-24,VALPARAISO,21.8,12.8,0.0
2025-03-25,VALPARAISO,20.5,12.1,0.0
2025-03-26,VALPARAISO,26.8,12.4,0.0
2025-03-27,VALPARAISO,21.3,13.6,0.0
2025-03-28,VALPARAISO,23.7,13.0,0.0
2025-03-29,VALPARAISO,25.4,15.7,0.0
2025-03-30,VALPARAISO,17.4,12.5,4.3
2025-03-31,VALPARAISO,26.6,12.5,0.0
2025-04-01,VALPARAISO,23.3,15.8,0.0
2025-04-02,VALPARAISO,26.9,15.2,0.0
2025-04-03,VALPARAISO,28.3,16.6,0.0
2025-04-04,VALPARAISO,26.6,16.9,0.0
2025-04-05,VALPARAISO,18.8,11.2,0.0
2025-04-06,VALPARAISO,21.6,10.1,0.0
2025-04-07,VALPARAISO,27.8,15.3,0.0
2025-04-08,VALPARAISO,23.3,15.9,0.0
2025-04-09,VALPARAISO,22.0,11.9,0.0
2025-04-10,VALPARAISO,21.7,11.2,0.0
2025-04-11,VALPARAISO,18.1,12.0,1.0
2025-04-12,VALPARAISO,25.6,13.2,0.0
2025-04-13,VALPARAISO,23.8,14.9,0.0
2025-04-14,VALPARAISO,21.7,11.8,0.0
2025-04-15,VALPARAISO,24.1,13.6,0.0
2025-04-16,VALPARAISO,23.1,13.4,0.0
2025-04-17,VALPARAISO,24.8,15.1,0.0
2025-04-18,VALPARAISO,26.9,16.2,0.0
2025-04-19,VALPARAISO,24.6,15.9,0.0
2025-04-20,VALPARAISO,25.7,13.7,0.0
2025-04-21,VALPARAISO,25.4,14.4,0.0
2025-04-22,VALPARAISO,25.1,15.3,0.0
2025-04-23,VALPARAISO,23.3,15.0,0.0
2025-04-24,VALPARAISO,21.4,12.3,0.0
2025-04-25,VALPARAISO,21.9,13.7,0.0
2025-04-26,VALPARAISO,20.4,12.2,0.0
2025-04-27,VALPARAISO,27.8,13.6,0.0
2025-04-28,VALPARAISO,25.6,14.2,0.0
2025-04-29,VALPARAISO,21.1,12.4,0.0
2025-04-30,VALPARAISO,16.8,9.5,0.0
2025-05-01,VALPARAISO,19.4,8.9,0.0
2025-05-02,VALPARAISO,26.6,12.8,0.0
2025-05-03,VALPARAISO,25.4,14.7,0.0
2025-05-04,VALPARAISO,24.8,14.8,0.0
2025-05-05,VALPARAISO,23.3,14.0,0.0
2025-05-06,VALPARAISO,19.3,11.1,0.0
2025-05-07,VALPARAISO,19.6,13.0,0.0
2025-05-08,VALPARAISO,17.6,10.4,2.6
2025-05-09,VALPARAISO,23.9,9.8,0.0
2025-05-10,VALPARAISO,31.3,14.3,0.0
2025-05-11,VALPARAISO,22.3,13.3,0.0
2025-05-12,VALPARAISO,23.2,13.5,0.0
2025-05-13,VALPARAISO,19.3,11.9,0.0
2025-05-14,VALPARAISO,21.6,12.5,0.0
2025-05-15,VALPARAISO,19.3,11.9,0.0
2025-05-16,VALPARAISO,18.3,10.0,0.0
2025-05-17,VALPARAISO,16.3,8.5,0.0
2025-05-18,VALPARAISO,20.5,11.3,0.0
2025-05-19,VALPARAISO,23.3,12.3,6.4
2025-05-20,VALPARAISO,24.3,14.1,0.0
2025-05-21,VALPARAISO,26.0,15.5,0.0
2025-05-22,VALPARAISO,25.2,14.2,0.0
2025-05-23,VALPARAISO,21.4,14.4,0.0
2025-05-24,VALPARAISO,22.6,12.5,0.0
2025-05-25,VALPARAISO,19.0,12.2,0.0
2025-05-26,VALPARAISO,15.7,10.8,4.5
2025-05-27,VALPARAISO,16.1,8.2,3.1
2025-05-28,VALPARAISO,25.7,10.0,0.0
2025-05-29,VALPARAISO,25.1,13.6,0.0
2025-05-30,VALPARAISO,22.7,12.0,0.0
2025-05-31,VALPARAISO,24.4,12.1,0.0
2025-06-01,VALPARAISO,22.3,12.8,0.0
2025-06-02,VALPARAISO,19.7,12.9,0.0
2025-06-03,VALPARAISO,20.4,13.6,0.0
2025-06-04,VALPARAISO,18.2,9.5,0.0
2025-06-05,VALPARAISO,21.3,10.5,0.0
2025-06-06,VALPARAISO,14.9,8.6,0.0
2025-06-07,VALPARAISO,18.4,8.2,0.0
2025-06-08,VALPARAISO,21.7,10.2,0.0
2025-06-09,VALPARAISO,23.7,10.9,0.0
2025-06-10,VALPARAISO,25.8,11.4,0.0
2025-06-11,VALPARAISO,13.2,8.1,0.1
2025-06-12,VALPARAISO,10.9,7.0,37.6
2025-06-13,VALPARAISO,14.1,5.8,0.0
2025-06-14,VALPARAISO,17.1,2.8,0.0
2025-06-15,VALPARAISO,16.5,9.6,0.0
2025-06-16,VALPARAISO,12.6,5.0,27.4
2025-06-17,VALPARAISO,12.8,2.4,0.0
2025-06-18,VALPARAISO,18.2,1.3,0.0
2025-06-19,VALPARAISO,17.4,6.4,0.0
2025-06-20,VALPARAISO,21.8,8.4,0.0
2025-06-21,VALPARAISO,17.3,8.4,0.0
2025-06-22,VALPARAISO,15.9,6.4,1.7
2025-06-23,VALPARAISO,17.7,2.7,0.0
2025-06-24,VALPARAISO,18.1,9.2,0.0
2025-06-25,VALPARAISO,12.2,6.7,0.0
2025-06-26,VALPARAISO,16.0,8.1,0.0
2025-06-27,VALPARAISO,14.2,6.1,0.0
2025-06-28,VALPARAISO,12.1,6.0,0.0
2025-06-29,VALPARAISO,15.4,4.4,0.0
2025-06-30,VALPARAISO,17.5,6.8,0.0
2025-07-01,VALPARAISO,21.8,10.1,0.0
2025-07-02,VALPARAISO,24.2,12.1,0.0
2025-07-03,VALPARAISO,26.3,13.6,0.0
2025-07-04,VALPARAISO,23.9,11.6,0.0
2025-07-05,VALPARAISO,15.4,7.2,1.1
2025-07-06,VALPARAISO,16.0,8.4,0.0
2025-07-07,VALPARAISO,24.1,8.6,0.0
2025-07-08,VALPARAISO,18.8,9.9,0.0
2025-07-09,VALPARAISO,14.3,7.5,0.0
2025-07-10,VALPARAISO,17.5,7.4,0.0
2025-07-11,VALPARAISO,20.8,4.6,0.0
2025-07-12,VALPARAISO,15.3,9.2,0.0
2025-07-13,VALPARAISO,14.6,6.3,0.0
2025-07-14,VALPARAISO,13.5,4.8,0.0
2025-07-15,VALPARAISO,14.0,5.9,0.0
2025-07-16,VALPARAISO,19.3,6.1,0.0
2025-07-17,VALPARAISO,26.5,8.6,0.0
2025-07-18,VALPARAISO,22.7,11.6,0.0
2025-07-19,VALPARAISO,22.2,12.4,0.0
2025-07-20,VALPARAISO,21.4,13.3,0.0
2025-07-21,VALPARAISO,19.4,12.5,0.0
2025-07-22,VALPARAISO,25.1,13.0,0.0
2025-07-23,VALPARAISO,17.8,8.7,0.0
2025-07-24,VALPARAISO,16.3,7.1,0.0
2025-07-25,VALPARAISO,15.8,5.7,0.0
2025-07-26,VALPARAISO,14.0,7.2,0.0
2025-07-27,VALPARAISO,15.8,8.7,0.0
2025-07-28,VALPARAISO,23.4,12.9,0.0
2025-07-29,VALPARAISO,25.8,13.9,0.0
2025-07-30,VALPARAISO,19.3,9.0,0.0
2025-07-31,VALPARAISO,15.4,8.5,12.6
2025-08-01,VALPARAISO,14.1,7.3,20.9
2025-08-02,VALPARAISO,11.8,4.7,8.4
2025-08-03,VALPARAISO,17.1,7.7,0.0
2025-08-04,VALPARAISO,21.9,11.8,0.0
2025-08-05,VALPARAISO,22.9,13.6,0.0
2025-08-06,VALPARAISO,22.5,11.9,0.0
2025-08-07,VALPARAISO,17.3,10.6,0.0
2025-08-08,VALPARAISO,19.8,7.7,0.0
2025-08-09,VALPARAISO,13.7,7.2,0.0
2025-08-10,VALPARAISO,22.1,9.0,0.0
2025-08-11,VALPARAISO,26.4,12.1,0.0
2025-08-12,VALPARAISO,25.0,15.3,0.0
2025-08-13,VALPARAISO,26.2,13.7,0.0
2025-08-14,VALPARAISO,19.6,11.0,0.0
2025-08-15,VALPARAISO,13.7,9.2,12.2
2025-08-16,VALPARAISO,19.3,7.3,0.0
2025-08-17,VALPARAISO,13.6,9.3,0.0
2025-08-18,VALPARAISO,13.0,8.5,1.4
2025-08-19,VALPARAISO,16.1,8.3,0.0
2025-08-20,VALPARAISO,18.1,10.0,0.0
2025-08-21,VALPARAISO,12.8,4.1,23.2
2025-08-22,VALPARAISO,6.2,-0.8,22.8
2025-08-23,VALPARAISO,12.3,-4.5,0.0
2025-08-24,VALPARAISO,15.9,1.0,0.0
2025-08-25,VALPARAISO,22.1,6.2,0.0
2025-08-26,VALPARAISO,27.5,9.0,0.0
2025-08-27,VALPARAISO,22.9,11.0,0.0
2025-08-28,VALPARAISO,16.5,9.2,0.5
2025-08-29,VALPARAISO,11.6,8.2,5.1
2025-08-30,VALPARAISO,11.9,7.0,6.2
2025-08-31,VALPARAISO,15.1,9.3,0.8
2025-09-01,VALPARAISO,19.4,6.7,0.0
2025-09-02,VALPARAISO,13.2,8.6,0.2
2025-09-03,VALPARAISO,15.9,7.9,0.0
2025-09-04,VALPARAISO,17.4,8.7,0.0
2025-09-05,VALPARAISO,18.3,10.1,0.0
2025-09-06,VALPARAISO,13.5,8.7,0.0
2025-09-07,VALPARAISO,9.8,6.9,0.3
2025-09-08,VALPARAISO,16.4,8.7,0.3
2025-09-09,VALPARAISO,22.7,11.4,0.0
2025-09-10,VALPARAISO,20.2,8.3,0.0
2025-09-11,VALPARAISO,25.2,9.9,0.0
2025-09-12,VALPARAISO,23.8,11.5,0.0
2025-09-13,VALPARAISO,18.6,9.3,0.2
2025-09-14,VALPARAISO,19.5,11.4,0.0
2025-09-15,VALPARAISO,25.9,11.9,0.0
2025-09-16,VALPARAISO,23.2,12.4,0.0
2025-09-17,VALPARAISO,22.1,10.5,0.0
2025-09-18,VALPARAISO,21.2,12.0,0.0
2025-09-19,VALPARAISO,22.6,10.4,0.0
2025-09-20,VALPARAISO,16.3,9.9,33.5
2025-09-21,VALPARAISO,16.8,8.4,15.1
2025-09-22,VALPARAISO,24.2,6.8,0.0
2025-09-23,VALPARAISO,22.6,11.5,0.0
2025-09-24,VALPARAISO,27.2,14.5,0.0
2025-09-25,VALPARAISO,24.6,12.1,0.0
2025-09-26,VALPARAISO,15.7,8.7,10.1
2025-09-27,VALPARAISO,21.8,7.9,0.0
2025-09-28,VALPARAISO,24.2,12.6,0.0
2025-09-29,VALPARAISO,18.4,12.0,0.0
2025-09-30,VALPARAISO,24.2,13.4,0.0
2025-10-01,VALPARAISO,27.3,14.3,0.0
2025-10-02,VALPARAISO,29.2,15.2,0.0
2025-10-03,VALPARAISO,20.0,10.9,0.3
2025-10-04,VALPARAISO,15.1,10.2,4.8
2025-10-05,VALPARAISO,16.6,9.3,6.0
2025-10-06,VALPARAISO,21.7,8.2,0.0
2025-10-07,VALPARAISO,25.7,11.2,0.0
2025-10-08,VALPARAISO,26.4,14.3,0.0
2025-10-09,VALPARAISO,24.3,14.7,0.0
2025-10-10,VALPARAISO,21.0,12.5,0.0
2025-10-11,VALPARAISO,21.3,10.0,0.0
2025-10-12,VALPARAISO,25.9,12.7,0.0
2025-10-13,VALPARAISO,24.4,13.5,0.0
2025-10-14,VALPARAISO,22.3,12.4,0.0
2025-10-15,VALPARAISO,22.7,10.4,0.0
2025-10-16,VALPARAISO,26.5,14.7,0.0
2025-10-17,VALPARAISO,27.5,16.0,0.0
2025-10-18,VALPARAISO,29.2,15.5,0.0
2025-10-19,VALPARAISO,23.7,14.4,0.0
2025-10-20,VALPARAISO,25.7,13.4,0.0
2025-10-21,VALPARAISO,23.7,14.4,0.0
2025-10-22,VALPARAISO,25.1,14.1,0.0
2025-10-23,VALPARAISO,20.8,11.0,0.0
2025-10-24,VALPARAISO,18.4,10.9,0.0
2025-10-25,VALPARAISO,22.6,8.9,0.0
2025-10-26,VALPARAISO,27.2,13.9,0.0
2025-10-27,VALPARAISO,22.3,14.1,0.0
2025-10-28,VALPARAISO,25.2,13.3,0.0
2025-10-29,VALPARAISO,25.6,15.5,0.0
2025-10-30,VALPARAISO,25.8,15.2,0.0
2025-10-31,VALPARAISO,21.8,11.5,0.0
2025-11-01,VALPARAISO,21.5,9.1,0.0
2025-11-02,VALPARAISO,24.1,12.6,0.0
2025-11-03,VALPARAISO,19.8,11.3,0.0
2025-11-04,VALPARAISO,22.3,9.6,0.0
2025-11-05,VALPARAISO,22.8,11.0,0.0
2025-11-06,VALPARAISO,17.6,9.7,23.1
2025-11-07,VALPARAISO,21.2,8.7,0.1
2025-11-08,VALPARAISO,18.8,10.7,0.0
2025-11-09,VALPARAISO,20.3,10.3,0.0
2025-11-10,VALPARAISO,20.7,10.8,0.0
2025-11-11,VALPARAISO,21.8,8.2,0.0
2025-11-12,VALPARAISO,25.7,12.9,0.0
2025-11-13,VALPARAISO,26.5,16.2,0.0
2025-11-14,VALPARAISO,24.0,14.5,0.0
2025-11-15,VALPARAISO,23.3,12.3,0.0
2025-11-16,VALPARAISO,24.3,12.0,0.0
2025-11-17,VALPARAISO,32.1,16.0,0.0
2025-11-18,VALPARAISO,24.6,19.0,0.0
2025-11-19,VALPARAISO,24.7,15.6,0.0
2025-11-20,VALPARAISO,23.7,14.1,0.0
2025-11-21,VALPARAISO,27.6,17.3,0.0
2025-11-22,VALPARAISO,26.2,16.5,0.0
2025-11-23,VALPARAISO,23.9,15.8,0.0
2025-11-24,VALPARAISO,24.5,14.4,0.0
2025-11-25,VALPARAISO,22.6,14.4,0.0
2025-11-26,VALPARAISO,23.6,13.0,0.0
2025-11-27,VALPARAISO,25.5,12.8,0.0
2025-11-28,VALPARAISO,21.8,12.1,0.0
2025-11-29,VALPARAISO,22.0,11.8,0.0
2025-11-30,VALPARAISO,23.3,12.3,0.0
2025-12-01,VALPARAISO,25.2,12.9,0.0
2025-12-02,VALPARAISO,27.7,14.3,0.0
2025-12-03,VALPARAISO,27.1,16.8,0.0
2025-12-04,VALPARAISO,22.8,15.8,0.0
2025-12-05,VALPARAISO,28.4,16.2,0.0
2025-12-06,VALPARAISO,21.5,14.9,7.2
2025-12-07,VALPARAISO,25.3,14.8,0.0
2025-12-08,VALPARAISO,28.0,16.2,0.0
2025-12-09,VALPARAISO,24.9,15.3,0.0
2025-12-10,VALPARAISO,23.0,14.0,0.0
2025-12-11,VALPARAISO,21.5,13.4,0.0
2025-12-12,VALPARAISO,24.8,13.5,0.0
2025-12-13,VALPARAISO,22.5,14.3,0.0
2025-12-14,VALPARAISO,20.1,12.9,0.0
2025-12-15,VALPARAISO,26.6,12.5,0.0
2025-12-16,VALPARAISO,31.5,18.1,0.0
2025-12-17,VALPARAISO,25.6,17.8,0.0
2025-12-18,VALPARAISO,26.0,16.8,0.0
2025-12-19,VALPARAISO,24.0,15.2,0.0
2025-12-20,VALPARAISO,22.9,13.5,0.0
2025-12-21,VALPARAISO,24.5,12.2,0.0
2025-12-22,VALPARAISO,25.7,12.6,0.0
2025-12-23,VALPARAISO,28.7,14.6,0.0
2025-12-24,VALPARAISO,27.3,15.8,0.0
2025-12-25,VALPARAISO,28.1,17.4,0.0
2025-12-26,VALPARAISO,25.2,15.2,0.0
2025-12-27,VALPARAISO,27.2,17.2,0.0
2025-12-28,VALPARAISO,28.1,17.5,0.0
2025-12-29,VALPARAISO,29.9,19.4,0.0
2025-12-30,VALPARAISO,31.0,19.4,0.0
2025-12-31,VALPARAISO,29.2,20.7,0.0
2026-01-01,VALPARAISO,28.0,18.9,0.0
2026-01-02,VALPARAISO,24.9,16.7,0.0
2026-01-03,VALPARAISO,24.1,14.9,0.0
2026-01-04,VALPARAISO,23.4,13.7,0.0
2026-01-05,VALPARAISO,22.1,13.4,0.9
2026-01-06,VALPARAISO,25.0,13.3,0.0
2026-01-07,VALPARAISO,25.1,15.2,0.0
2026-01-08,VALPARAISO,27.4,14.6,0.0
2026-01-09,VALPARAISO,29.6,19.1,0.0
2026-01-10,VALPARAISO,28.8,18.5,0.0
2026-01-11,VALPARAISO,27.9,18.5,0.0
2026-01-12,VALPARAISO,25.8,18.8,0.0
2026-01-13,VALPARAISO,28.8,19.1,0.0
2026-01-14,VALPARAISO,24.2,15.6,0.0
2026-01-15,VALPARAISO,26.5,14.5,0.0
2026-01-16,VALPARAISO,29.3,18.8,0.0
2026-01-17,VALPARAISO,30.8,19.8,0.0
2026-01-18,VALPARAISO,29.1,20.8,0.0
2026-01-19,VALPARAISO,27.1,17.5,0.0
2026-01-20,VALPARAISO,26.4,15.2,0.0
2026-01-21,VALPARAISO,24.5,15.3,0.0
2026-01-22,VALPARAISO,27.8,15.7,0.0
2026-01-23,VALPARAISO,28.0,18.1,0.0
2026-01-24,VALPARAISO,26.8,17.0,0.0
2026-01-25,VALPARAISO,24.4,14.0,5.9
2026-01-26,VALPARAISO,25.1,13.2,0.0
2026-01-27,VALPARAISO,26.8,13.3,0.0
2026-01-28,VALPARAISO,29.8,17.1,0.0
2026-01-29,VALPARAISO,25.6,17.6,0.0
2026-01-30,VALPARAISO,28.2,16.2,0.0
2026-01-31,VALPARAISO,25.4,15.7,0.1
2026-02-01,VALPARAISO,26.1,17.1,0.0
2026-02-02,VALPARAISO,25.2,15.8,0.0
2026-02-03,VALPARAISO,27.3,16.1,0.0
2026-02-04,VALPARAISO,28.0,17.5,0.0
2026-02-05,VALPARAISO,27.3,16.8,0.0
2026-02-06,VALPARAISO,29.7,19.1,0.0
2026-02-07,VALPARAISO,30.7,20.0,0.0
2026-02-08,VALPARAISO,26.3,15.1,0.0
2026-02-09,VALPARAISO,27.9,15.0,0.0
2026-02-10,VALPARAISO,28.0,16.8,0.0
2026-02-11,VALPARAISO,30.9,17.2,0.0
2026-02-12,VALPARAISO,30.9,18.2,0.0
2026-02-13,VALPARAISO,33.3,19.6,0.0
2026-02-14,VALPARAISO,27.8,18.2,0.0
2026-02-15,VALPARAISO,28.7,16.5,0.0
2026-02-16,VALPARAISO,32.0,16.7,0.0
2026-02-17,VALPARAISO,31.8,19.7,0.0
2026-02-18,VALPARAISO,31.4,19.7,0.0
2026-02-19,VALPARAISO,30.8,19.6,0.0
2026-02-20,VALPARAISO,26.8,17.2,0.0
2026-02-21,VALPARAISO,29.0,17.8,0.0
2026-02-22,VALPARAISO,29.1,19.1,0.0
2026-02-23,VALPARAISO,28.8,18.0,0.0
2026-02-24,VALPARAISO,30.2,20.1,0.0
2026-02-25,VALPARAISO,29.6,19.5,0.0
2026-02-26,VALPARAISO,29.3,19.1,0.0
2026-02-27,VALPARAISO,27.9,17.1,0.0
2026-02-28,VALPARAISO,30.4,17.6,0.0
2026-03-01,VALPARAISO,30.0,18.7,0.0
2026-03-02,VALPARAISO,26.5,15.8,0.0
2026-03-03,VALPARAISO,28.4,15.6,0.0
2026-03-04,VALPARAISO,29.2,18.3,0.0
2026-03-05,VALPARAISO,27.1,17.7,0.0
2026-03-06,VALPARAISO,29.8,17.9,0.0
2026-03-07,VALPARAISO,24.2,16.3,0.0
2026-03-08,VALPARAISO,24.2,14.5,0.0
2026-03-09,VALPARAISO,28.2,17.6,0.0
2026-03-10,VALPARAISO,28.8,18.7,0.0
2026-03-11,VALPARAISO,26.2,17.1,0.0
2026-03-12,VALPARAISO,28.2,18.7,0.0
2026-03-13,VALPARAISO,26.1,15.9,0.0
2026-03-14,VALPARAISO,25.2,13.5,0.0
2026-03-15,VALPARAISO,26.3,15.2,0.0
2026-03-16,VALPARAISO,24.9,15.5,0.0
2026-03-17,VALPARAISO,26.3,14.8,0.0
2026-03-18,VALPARAISO,27.3,17.1,0.0
2026-03-19,VALPARAISO,24.1,12.9,0.0
2026-03-20,VALPARAISO,20.4,12.5,11.7
2026-03-21,VALPARAISO,20.7,11.0,0.0
2026-03-22,VALPARAISO,16.6,10.7,0.0
2026-03-23,VALPARAISO,25.4,11.6,0.0
2026-03-24,VALPARAISO,24.4,15.9,0.0
2026-03-25,VALPARAISO,24.9,15.6,0.0
2026-03-26,VALPARAISO,24.5,14.6,0.0
2026-03-27,VALPARAISO,25.3,14.6,0.0
2026-03-28,VALPARAISO,22.3,14.6,0.0
2026-03-29,VALPARAISO,27.2,15.2,0.0
2026-03-30,VALPARAISO,26.8,17.5,0.0
2026-03-31,VALPARAISO,27.4,15.9,0.0
2026-04-01,VALPARAISO,25.2,16.2,0.0
2026-04-02,VALPARAISO,24.9,16.4,0.0
2026-04-03,VALPARAISO,31.2,16.6,0.0
2026-04-04,VALPARAISO,29.0,18.6,0.0
2026-04-05,VALPARAISO,23.7,14.6,0.0
2026-04-06,VALPARAISO,22.6,11.9,0.0
2026-04-07,VALPARAISO,27.7,14.6,0.0
2026-04-08,VALPARAISO,24.8,14.9,0.0
2026-04-09,VALPARAISO,22.7,13.1,0.0
2026-04-10,VALPARAISO,19.2,11.2,0.0
2026-04-11,VALPARAISO,23.4,11.4,0.0
2026-04-12,VALPARAISO,23.5,14.4,0.0
2026-04-13,VALPARAISO,23.5,13.0,0.0
2026-04-14,VALPARAISO,20.7,11.4,0.0
2026-04-15,VALPARAISO,28.7,14.5,0.0
2026-04-16,VALPARAISO,25.3,15.6,0.0
2026-04-17,VALPARAISO,24.0,15.3,0.0
2026-04-18,VALPARAISO,23.8,14.8,0.0
2026-04-19,VALPARAISO,24.2,14.4,0.0
2026-04-20,VALPARAISO,17.5,10.6,0.0
2026-04-21,VALPARAISO,22.5,12.7,0.0
2026-04-22,VALPARAISO,25.0,11.3,0.0
2026-04-23,VALPARAISO,24.5,15.0,0.0
2026-04-24,VALPARAISO,22.2,12.3,0.0
2026-04-25,VALPARAISO,24.1,12.6,0.0
2026-04-26,VALPARAISO,26.1,11.8,0.0
2026-04-27,VALPARAISO,24.3,13.5,0.1
2026-04-28,VALPARAISO,24.3,13.3,0.3
2026-04-29,VALPARAISO,26.3,13.8,0.0
2026-04-30,VALPARAISO,23.7,14.0,0.0
2026-05-01,VALPARAISO,22.9,12.2,0.0
2026-05-02,VALPARAISO,29.0,15.6,0.0
2026-05-03,VALPARAISO,26.1,15.6,0.0
2026-05-04,VALPARAISO,24.9,15.0,0.0
2026-05-05,VALPARAISO,24.5,12.0,0.0
2026-05-06,VALPARAISO,20.3,9.9,10.6
2026-05-07,VALPARAISO,17.1,9.7,0.4
2026-05-08,VALPARAISO,20.3,10.1,0.0
2026-05-09,VALPARAISO,22.5,9.1,0.0
2026-05-10,VALPARAISO,29.2,12.1,0.0
2026-05-11,VALPARAISO,26.2,13.9,0.0
2026-05-12,VALPARAISO,21.1,12.5,0.0
2026-05-13,VALPARAISO,22.7,11.3,0.0
2026-05-14,VALPARAISO,23.7,14.0,0.0
2026-05-15,VALPARAISO,21.4,13.1,0.0
2026-05-16,VALPARAISO,18.6,10.8,0.0
2026-05-17,VALPARAISO,22.5,9.7,0.0
2026-05-18,VALPARAISO,26.0,11.6,0.0
2026-05-19,VALPARAISO,22.4,12.2,0.0
2026-05-20,VALPARAISO,19.9,11.5,0.0
2026-05-21,VALPARAISO,15.7,8.1,0.0
2026-05-22,VALPARAISO,18.1,8.0,0.0
2026-05-23,VALPARAISO,14.1,5.5,0.0
2026-05-24,VALPARAISO,16.2,5.1,0.0
2026-05-25,VALPARAISO,24.8,10.3,0.0
2026-05-26,VALPARAISO,26.2,13.2,0.0
2026-05-27,VALPARAISO,17.8,6.0,0.0
2026-05-28,VALPARAISO,18.9,9.8,0.0
2026-05-29,VALPARAISO,25.9,12.2,0.0
2026-05-30,VALPARAISO,25.8,14.9,0.0
2026-05-31,VALPARAISO,18.3,10.4,0.0
2026-06-01,VALPARAISO,19.1,8.3,0.0
2026-06-02,VALPARAISO,22.8,13.6,0.0
2026-06-03,VALPARAISO,22.1,11.5,0.0
2026-06-04,VALPARAISO,22.9,12.8,0.0
2026-06-05,VALPARAISO,20.5,10.1,0.0
2026-06-06,VALPARAISO,19.6,8.8,0.0
2026-06-07,VALPARAISO,20.4,9.9,0.0
2026-06-08,VALPARAISO,20.2,11.5,0.0
2026-06-09,VALPARAISO,13.6,8.9,0.0
2026-06-10,VALPARAISO,11.6,7.6,4.9
2026-06-11,VALPARAISO,19.2,1.6,0.0
2023-01-01,METROPOLITANA DE SANTIAGO,29.1,12.6,0.0
2023-01-02,METROPOLITANA DE SANTIAGO,28.6,15.9,0.0
2023-01-03,METROPOLITANA DE SANTIAGO,31.0,13.4,0.0
2023-01-04,METROPOLITANA DE SANTIAGO,31.4,17.9,0.0
2023-01-05,METROPOLITANA DE SANTIAGO,29.4,14.4,0.0
2023-01-06,METROPOLITANA DE SANTIAGO,28.5,15.3,0.9
2023-01-07,METROPOLITANA DE SANTIAGO,31.0,15.9,0.0
2023-01-08,METROPOLITANA DE SANTIAGO,30.0,16.4,0.0
2023-01-09,METROPOLITANA DE SANTIAGO,28.0,14.4,0.0
2023-01-10,METROPOLITANA DE SANTIAGO,29.9,13.6,0.0
2023-01-11,METROPOLITANA DE SANTIAGO,31.4,15.7,0.0
2023-01-12,METROPOLITANA DE SANTIAGO,29.2,17.0,0.0
2023-01-13,METROPOLITANA DE SANTIAGO,30.8,14.7,0.0
2023-01-14,METROPOLITANA DE SANTIAGO,27.5,13.1,0.0
2023-01-15,METROPOLITANA DE SANTIAGO,31.1,14.1,0.0
2023-01-16,METROPOLITANA DE SANTIAGO,28.3,15.1,0.0
2023-01-17,METROPOLITANA DE SANTIAGO,28.2,12.6,0.0
2023-01-18,METROPOLITANA DE SANTIAGO,29.7,15.5,0.0
2023-01-19,METROPOLITANA DE SANTIAGO,25.9,12.8,0.0
2023-01-20,METROPOLITANA DE SANTIAGO,29.1,11.4,0.0
2023-01-21,METROPOLITANA DE SANTIAGO,29.5,13.3,0.0
2023-01-22,METROPOLITANA DE SANTIAGO,31.8,14.5,0.0
2023-01-23,METROPOLITANA DE SANTIAGO,30.9,16.6,0.0
2023-01-24,METROPOLITANA DE SANTIAGO,31.8,13.2,0.0
2023-01-25,METROPOLITANA DE SANTIAGO,31.0,14.8,0.0
2023-01-26,METROPOLITANA DE SANTIAGO,28.2,12.8,0.0
2023-01-27,METROPOLITANA DE SANTIAGO,32.2,14.6,0.0
2023-01-28,METROPOLITANA DE SANTIAGO,34.0,17.2,0.0
2023-01-29,METROPOLITANA DE SANTIAGO,31.0,18.5,0.0
2023-01-30,METROPOLITANA DE SANTIAGO,30.9,14.7,0.0
2023-01-31,METROPOLITANA DE SANTIAGO,30.5,16.7,0.0
2023-02-01,METROPOLITANA DE SANTIAGO,31.3,14.5,0.0
2023-02-02,METROPOLITANA DE SANTIAGO,34.7,16.5,0.0
2023-02-03,METROPOLITANA DE SANTIAGO,32.7,19.8,0.0
2023-02-04,METROPOLITANA DE SANTIAGO,31.8,16.4,0.0
2023-02-05,METROPOLITANA DE SANTIAGO,31.1,16.5,0.0
2023-02-06,METROPOLITANA DE SANTIAGO,32.4,17.0,0.0
2023-02-07,METROPOLITANA DE SANTIAGO,31.7,18.1,0.0
2023-02-08,METROPOLITANA DE SANTIAGO,33.0,19.1,0.0
2023-02-09,METROPOLITANA DE SANTIAGO,35.0,18.5,0.0
2023-02-10,METROPOLITANA DE SANTIAGO,33.2,19.1,0.0
2023-02-11,METROPOLITANA DE SANTIAGO,33.8,17.5,0.0
2023-02-12,METROPOLITANA DE SANTIAGO,31.2,17.9,0.0
2023-02-13,METROPOLITANA DE SANTIAGO,31.8,14.3,0.0
2023-02-14,METROPOLITANA DE SANTIAGO,33.0,15.6,0.0
2023-02-15,METROPOLITANA DE SANTIAGO,32.0,16.0,0.0
2023-02-16,METROPOLITANA DE SANTIAGO,28.8,14.5,0.0
2023-02-17,METROPOLITANA DE SANTIAGO,31.0,15.7,0.0
2023-02-18,METROPOLITANA DE SANTIAGO,31.0,17.6,0.0
2023-02-19,METROPOLITANA DE SANTIAGO,32.5,17.9,0.0
2023-02-20,METROPOLITANA DE SANTIAGO,33.5,19.3,0.0
2023-02-21,METROPOLITANA DE SANTIAGO,33.2,18.8,0.0
2023-02-22,METROPOLITANA DE SANTIAGO,30.5,16.5,0.0
2023-02-23,METROPOLITANA DE SANTIAGO,32.8,15.9,0.0
2023-02-24,METROPOLITANA DE SANTIAGO,28.9,15.6,0.0
2023-02-25,METROPOLITANA DE SANTIAGO,29.3,13.1,0.0
2023-02-26,METROPOLITANA DE SANTIAGO,32.8,16.2,0.0
2023-02-27,METROPOLITANA DE SANTIAGO,33.9,18.0,0.0
2023-02-28,METROPOLITANA DE SANTIAGO,31.3,16.5,0.0
2023-03-01,METROPOLITANA DE SANTIAGO,32.3,17.5,0.0
2023-03-02,METROPOLITANA DE SANTIAGO,33.4,17.0,0.0
2023-03-03,METROPOLITANA DE SANTIAGO,29.5,13.9,0.0
2023-03-04,METROPOLITANA DE SANTIAGO,33.2,16.2,0.0
2023-03-05,METROPOLITANA DE SANTIAGO,31.4,17.1,0.0
2023-03-06,METROPOLITANA DE SANTIAGO,27.5,15.2,0.0
2023-03-07,METROPOLITANA DE SANTIAGO,30.8,14.4,0.0
2023-03-08,METROPOLITANA DE SANTIAGO,29.3,13.2,0.0
2023-03-09,METROPOLITANA DE SANTIAGO,29.8,16.1,0.0
2023-03-10,METROPOLITANA DE SANTIAGO,29.8,14.7,0.0
2023-03-11,METROPOLITANA DE SANTIAGO,28.9,13.1,0.0
2023-03-12,METROPOLITANA DE SANTIAGO,26.7,13.5,0.0
2023-03-13,METROPOLITANA DE SANTIAGO,28.5,13.2,0.0
2023-03-14,METROPOLITANA DE SANTIAGO,28.8,14.4,0.0
2023-03-15,METROPOLITANA DE SANTIAGO,29.3,15.1,0.0
2023-03-16,METROPOLITANA DE SANTIAGO,29.8,14.0,0.0
2023-03-17,METROPOLITANA DE SANTIAGO,28.5,14.6,0.0
2023-03-18,METROPOLITANA DE SANTIAGO,30.8,14.1,0.0
2023-03-19,METROPOLITANA DE SANTIAGO,31.7,15.6,0.0
2023-03-20,METROPOLITANA DE SANTIAGO,27.8,15.1,0.0
2023-03-21,METROPOLITANA DE SANTIAGO,29.9,16.0,0.0
2023-03-22,METROPOLITANA DE SANTIAGO,32.5,17.4,0.0
2023-03-23,METROPOLITANA DE SANTIAGO,32.5,17.4,0.0
2023-03-24,METROPOLITANA DE SANTIAGO,33.3,19.0,0.0
2023-03-25,METROPOLITANA DE SANTIAGO,32.5,18.3,0.0
2023-03-26,METROPOLITANA DE SANTIAGO,28.5,15.2,0.0
2023-03-27,METROPOLITANA DE SANTIAGO,27.4,13.9,0.0
2023-03-28,METROPOLITANA DE SANTIAGO,27.9,11.9,0.0
2023-03-29,METROPOLITANA DE SANTIAGO,28.7,13.6,0.0
2023-03-30,METROPOLITANA DE SANTIAGO,30.9,15.8,0.0
2023-03-31,METROPOLITANA DE SANTIAGO,32.8,17.0,0.0
2023-04-01,METROPOLITANA DE SANTIAGO,31.0,16.4,0.0
2023-04-02,METROPOLITANA DE SANTIAGO,30.0,15.8,0.0
2023-04-03,METROPOLITANA DE SANTIAGO,28.5,17.2,0.0
2023-04-04,METROPOLITANA DE SANTIAGO,29.8,15.1,0.0
2023-04-05,METROPOLITANA DE SANTIAGO,26.5,14.9,0.0
2023-04-06,METROPOLITANA DE SANTIAGO,29.4,13.7,0.0
2023-04-07,METROPOLITANA DE SANTIAGO,31.7,17.6,0.0
2023-04-08,METROPOLITANA DE SANTIAGO,29.2,17.5,0.0
2023-04-09,METROPOLITANA DE SANTIAGO,28.8,15.2,0.0
2023-04-10,METROPOLITANA DE SANTIAGO,29.8,14.9,0.0
2023-04-11,METROPOLITANA DE SANTIAGO,27.5,14.4,0.0
2023-04-12,METROPOLITANA DE SANTIAGO,22.6,12.4,0.0
2023-04-13,METROPOLITANA DE SANTIAGO,23.3,11.6,0.0
2023-04-14,METROPOLITANA DE SANTIAGO,19.5,9.4,0.0
2023-04-15,METROPOLITANA DE SANTIAGO,21.2,10.8,0.0
2023-04-16,METROPOLITANA DE SANTIAGO,20.4,10.3,0.0
2023-04-17,METROPOLITANA DE SANTIAGO,20.3,8.6,0.0
2023-04-18,METROPOLITANA DE SANTIAGO,23.1,9.9,0.0
2023-04-19,METROPOLITANA DE SANTIAGO,27.3,13.8,0.0
2023-04-20,METROPOLITANA DE SANTIAGO,25.7,11.9,0.0
2023-04-21,METROPOLITANA DE SANTIAGO,22.6,11.2,0.0
2023-04-22,METROPOLITANA DE SANTIAGO,24.1,11.6,0.0
2023-04-23,METROPOLITANA DE SANTIAGO,22.6,12.2,0.0
2023-04-24,METROPOLITANA DE SANTIAGO,25.2,10.0,0.0
2023-04-25,METROPOLITANA DE SANTIAGO,24.6,13.6,0.0
2023-04-26,METROPOLITANA DE SANTIAGO,25.4,12.7,0.0
2023-04-27,METROPOLITANA DE SANTIAGO,20.8,9.2,0.0
2023-04-28,METROPOLITANA DE SANTIAGO,20.4,10.6,0.0
2023-04-29,METROPOLITANA DE SANTIAGO,17.1,11.6,24.3
2023-04-30,METROPOLITANA DE SANTIAGO,15.1,10.2,12.5
2023-05-01,METROPOLITANA DE SANTIAGO,16.8,8.1,0.0
2023-05-02,METROPOLITANA DE SANTIAGO,18.7,9.4,0.0
2023-05-03,METROPOLITANA DE SANTIAGO,18.8,9.4,0.0
2023-05-04,METROPOLITANA DE SANTIAGO,17.6,8.6,0.0
2023-05-05,METROPOLITANA DE SANTIAGO,18.5,8.8,0.0
2023-05-06,METROPOLITANA DE SANTIAGO,15.1,8.4,0.0
2023-05-07,METROPOLITANA DE SANTIAGO,19.8,9.1,0.0
2023-05-08,METROPOLITANA DE SANTIAGO,23.8,10.6,0.0
2023-05-09,METROPOLITANA DE SANTIAGO,25.4,15.2,0.0
2023-05-10,METROPOLITANA DE SANTIAGO,25.6,15.9,0.0
2023-05-11,METROPOLITANA DE SANTIAGO,24.9,13.9,0.0
2023-05-12,METROPOLITANA DE SANTIAGO,25.5,16.0,0.0
2023-05-13,METROPOLITANA DE SANTIAGO,23.6,13.9,0.0
2023-05-14,METROPOLITANA DE SANTIAGO,23.9,10.4,0.0
2023-05-15,METROPOLITANA DE SANTIAGO,19.2,10.1,0.0
2023-05-16,METROPOLITANA DE SANTIAGO,19.5,10.4,0.1
2023-05-17,METROPOLITANA DE SANTIAGO,17.6,11.6,2.7
2023-05-18,METROPOLITANA DE SANTIAGO,20.0,11.5,0.0
2023-05-19,METROPOLITANA DE SANTIAGO,19.9,10.6,0.0
2023-05-20,METROPOLITANA DE SANTIAGO,20.2,8.8,0.0
2023-05-21,METROPOLITANA DE SANTIAGO,14.0,8.1,5.4
2023-05-22,METROPOLITANA DE SANTIAGO,18.3,8.6,13.4
2023-05-23,METROPOLITANA DE SANTIAGO,16.1,9.1,0.3
2023-05-24,METROPOLITANA DE SANTIAGO,15.1,9.8,0.0
2023-05-25,METROPOLITANA DE SANTIAGO,13.1,8.2,0.3
2023-05-26,METROPOLITANA DE SANTIAGO,15.4,7.4,0.0
2023-05-27,METROPOLITANA DE SANTIAGO,19.6,8.8,0.0
2023-05-28,METROPOLITANA DE SANTIAGO,17.8,9.9,0.0
2023-05-29,METROPOLITANA DE SANTIAGO,21.4,9.1,0.0
2023-05-30,METROPOLITANA DE SANTIAGO,19.3,12.1,0.0
2023-05-31,METROPOLITANA DE SANTIAGO,19.0,9.6,0.0
2023-06-01,METROPOLITANA DE SANTIAGO,18.6,10.9,0.0
2023-06-02,METROPOLITANA DE SANTIAGO,17.2,9.9,0.0
2023-06-03,METROPOLITANA DE SANTIAGO,14.7,10.8,0.0
2023-06-04,METROPOLITANA DE SANTIAGO,21.4,8.6,0.0
2023-06-05,METROPOLITANA DE SANTIAGO,21.3,12.2,0.0
2023-06-06,METROPOLITANA DE SANTIAGO,19.5,11.9,0.0
2023-06-07,METROPOLITANA DE SANTIAGO,20.3,11.4,0.0
2023-06-08,METROPOLITANA DE SANTIAGO,17.2,8.8,0.0
2023-06-09,METROPOLITANA DE SANTIAGO,14.3,9.4,29.4
2023-06-10,METROPOLITANA DE SANTIAGO,12.9,6.4,0.0
2023-06-11,METROPOLITANA DE SANTIAGO,11.9,3.3,0.0
2023-06-12,METROPOLITANA DE SANTIAGO,14.1,2.8,0.0
2023-06-13,METROPOLITANA DE SANTIAGO,14.5,3.2,0.0
2023-06-14,METROPOLITANA DE SANTIAGO,16.2,6.9,0.0
2023-06-15,METROPOLITANA DE SANTIAGO,17.9,8.1,0.0
2023-06-16,METROPOLITANA DE SANTIAGO,19.9,11.4,0.0
2023-06-17,METROPOLITANA DE SANTIAGO,23.5,8.7,0.0
2023-06-18,METROPOLITANA DE SANTIAGO,16.6,7.1,0.1
2023-06-19,METROPOLITANA DE SANTIAGO,16.8,7.1,5.6
2023-06-20,METROPOLITANA DE SANTIAGO,14.6,9.0,0.0
2023-06-21,METROPOLITANA DE SANTIAGO,15.1,8.9,1.8
2023-06-22,METROPOLITANA DE SANTIAGO,14.2,10.9,53.0
2023-06-23,METROPOLITANA DE SANTIAGO,16.4,12.7,29.4
2023-06-24,METROPOLITANA DE SANTIAGO,18.1,13.3,6.1
2023-06-25,METROPOLITANA DE SANTIAGO,16.5,12.2,0.0
2023-06-26,METROPOLITANA DE SANTIAGO,14.4,10.8,0.1
2023-06-27,METROPOLITANA DE SANTIAGO,13.7,7.2,0.2
2023-06-28,METROPOLITANA DE SANTIAGO,18.7,8.1,0.0
2023-06-29,METROPOLITANA DE SANTIAGO,18.7,7.0,0.0
2023-06-30,METROPOLITANA DE SANTIAGO,19.6,8.0,0.0
2023-07-01,METROPOLITANA DE SANTIAGO,21.0,8.4,0.0
2023-07-02,METROPOLITANA DE SANTIAGO,14.5,6.9,0.0
2023-07-03,METROPOLITANA DE SANTIAGO,17.4,7.0,0.0
2023-07-04,METROPOLITANA DE SANTIAGO,15.6,6.7,0.0
2023-07-05,METROPOLITANA DE SANTIAGO,14.9,5.8,0.0
2023-07-06,METROPOLITANA DE SANTIAGO,13.7,7.6,0.0
2023-07-07,METROPOLITANA DE SANTIAGO,12.8,6.7,0.0
2023-07-08,METROPOLITANA DE SANTIAGO,15.5,5.2,0.0
2023-07-09,METROPOLITANA DE SANTIAGO,12.8,7.0,0.5
2023-07-10,METROPOLITANA DE SANTIAGO,18.2,5.7,0.0
2023-07-11,METROPOLITANA DE SANTIAGO,12.2,7.2,7.9
2023-07-12,METROPOLITANA DE SANTIAGO,13.5,6.1,5.4
2023-07-13,METROPOLITANA DE SANTIAGO,17.0,5.0,0.0
2023-07-14,METROPOLITANA DE SANTIAGO,14.8,10.4,0.0
2023-07-15,METROPOLITANA DE SANTIAGO,14.0,7.7,0.0
2023-07-16,METROPOLITANA DE SANTIAGO,18.5,8.2,0.0
2023-07-17,METROPOLITANA DE SANTIAGO,16.1,6.8,0.0
2023-07-18,METROPOLITANA DE SANTIAGO,17.2,9.6,0.0
2023-07-19,METROPOLITANA DE SANTIAGO,18.9,11.4,0.0
2023-07-20,METROPOLITANA DE SANTIAGO,17.9,9.9,0.0
2023-07-21,METROPOLITANA DE SANTIAGO,16.3,8.9,0.0
2023-07-22,METROPOLITANA DE SANTIAGO,10.6,7.2,20.8
2023-07-23,METROPOLITANA DE SANTIAGO,13.8,7.3,0.0
2023-07-24,METROPOLITANA DE SANTIAGO,17.0,8.1,0.0
2023-07-25,METROPOLITANA DE SANTIAGO,15.5,7.1,0.0
2023-07-26,METROPOLITANA DE SANTIAGO,15.8,8.3,0.0
2023-07-27,METROPOLITANA DE SANTIAGO,17.6,9.1,0.0
2023-07-28,METROPOLITANA DE SANTIAGO,21.7,8.9,0.0
2023-07-29,METROPOLITANA DE SANTIAGO,22.0,13.1,0.0
2023-07-30,METROPOLITANA DE SANTIAGO,22.0,14.7,0.0
2023-07-31,METROPOLITANA DE SANTIAGO,20.0,9.4,0.0
2023-08-01,METROPOLITANA DE SANTIAGO,20.7,10.0,0.0
2023-08-02,METROPOLITANA DE SANTIAGO,22.0,12.8,0.0
2023-08-03,METROPOLITANA DE SANTIAGO,22.1,11.4,0.0
2023-08-04,METROPOLITANA DE SANTIAGO,24.1,10.7,0.0
2023-08-05,METROPOLITANA DE SANTIAGO,14.4,9.2,0.0
2023-08-06,METROPOLITANA DE SANTIAGO,16.6,8.8,0.1
2023-08-07,METROPOLITANA DE SANTIAGO,18.1,7.7,0.0
2023-08-08,METROPOLITANA DE SANTIAGO,20.2,9.1,0.0
2023-08-09,METROPOLITANA DE SANTIAGO,17.0,10.1,0.0
2023-08-10,METROPOLITANA DE SANTIAGO,15.9,6.8,8.2
2023-08-11,METROPOLITANA DE SANTIAGO,15.9,5.9,0.0
2023-08-12,METROPOLITANA DE SANTIAGO,20.2,6.6,0.0
2023-08-13,METROPOLITANA DE SANTIAGO,22.9,12.1,0.0
2023-08-14,METROPOLITANA DE SANTIAGO,23.0,10.6,0.0
2023-08-15,METROPOLITANA DE SANTIAGO,17.8,10.4,0.0
2023-08-16,METROPOLITANA DE SANTIAGO,16.2,9.2,0.0
2023-08-17,METROPOLITANA DE SANTIAGO,14.4,8.2,2.3
2023-08-18,METROPOLITANA DE SANTIAGO,14.9,7.3,0.0
2023-08-19,METROPOLITANA DE SANTIAGO,12.1,9.4,28.5
2023-08-20,METROPOLITANA DE SANTIAGO,15.9,9.6,17.4
2023-08-21,METROPOLITANA DE SANTIAGO,15.6,8.6,0.1
2023-08-22,METROPOLITANA DE SANTIAGO,13.8,9.3,65.9
2023-08-23,METROPOLITANA DE SANTIAGO,11.6,8.2,35.2
2023-08-24,METROPOLITANA DE SANTIAGO,13.9,6.4,0.0
2023-08-25,METROPOLITANA DE SANTIAGO,15.8,4.9,0.0
2023-08-26,METROPOLITANA DE SANTIAGO,17.0,8.8,0.0
2023-08-27,METROPOLITANA DE SANTIAGO,20.6,6.5,0.0
2023-08-28,METROPOLITANA DE SANTIAGO,15.8,9.4,0.3
2023-08-29,METROPOLITANA DE SANTIAGO,18.5,4.7,0.0
2023-08-30,METROPOLITANA DE SANTIAGO,17.0,7.9,0.0
2023-08-31,METROPOLITANA DE SANTIAGO,20.3,10.5,0.0
2023-09-01,METROPOLITANA DE SANTIAGO,14.9,9.1,0.3
2023-09-02,METROPOLITANA DE SANTIAGO,16.2,8.5,5.7
2023-09-03,METROPOLITANA DE SANTIAGO,15.8,7.2,1.2
2023-09-04,METROPOLITANA DE SANTIAGO,13.2,8.1,1.4
2023-09-05,METROPOLITANA DE SANTIAGO,14.4,7.8,0.4
2023-09-06,METROPOLITANA DE SANTIAGO,13.1,9.1,18.8
2023-09-07,METROPOLITANA DE SANTIAGO,15.2,7.3,0.0
2023-09-08,METROPOLITANA DE SANTIAGO,17.4,6.6,0.1
2023-09-09,METROPOLITANA DE SANTIAGO,16.6,9.6,2.4
2023-09-10,METROPOLITANA DE SANTIAGO,14.4,10.1,0.1
2023-09-11,METROPOLITANA DE SANTIAGO,16.2,8.6,29.7
2023-09-12,METROPOLITANA DE SANTIAGO,14.2,7.7,3.1
2023-09-13,METROPOLITANA DE SANTIAGO,14.8,3.9,0.0
2023-09-14,METROPOLITANA DE SANTIAGO,19.8,9.0,0.0
2023-09-15,METROPOLITANA DE SANTIAGO,22.3,13.4,0.0
2023-09-16,METROPOLITANA DE SANTIAGO,19.1,10.1,0.0
2023-09-17,METROPOLITANA DE SANTIAGO,11.5,9.0,1.9
2023-09-18,METROPOLITANA DE SANTIAGO,15.8,7.6,0.0
2023-09-19,METROPOLITANA DE SANTIAGO,21.6,10.3,0.0
2023-09-20,METROPOLITANA DE SANTIAGO,15.9,10.2,0.0
2023-09-21,METROPOLITANA DE SANTIAGO,17.8,8.4,0.0
2023-09-22,METROPOLITANA DE SANTIAGO,14.5,8.4,0.0
2023-09-23,METROPOLITANA DE SANTIAGO,16.5,7.6,0.0
2023-09-24,METROPOLITANA DE SANTIAGO,18.6,7.4,0.2
2023-09-25,METROPOLITANA DE SANTIAGO,17.3,8.6,0.3
2023-09-26,METROPOLITANA DE SANTIAGO,15.9,7.7,3.9
2023-09-27,METROPOLITANA DE SANTIAGO,19.5,8.6,0.0
2023-09-28,METROPOLITANA DE SANTIAGO,18.0,7.5,0.0
2023-09-29,METROPOLITANA DE SANTIAGO,21.8,10.3,0.0
2023-09-30,METROPOLITANA DE SANTIAGO,21.9,10.1,0.0
2023-10-01,METROPOLITANA DE SANTIAGO,17.2,9.8,0.1
2023-10-02,METROPOLITANA DE SANTIAGO,15.1,9.1,1.5
2023-10-03,METROPOLITANA DE SANTIAGO,15.6,8.6,7.7
2023-10-04,METROPOLITANA DE SANTIAGO,19.2,8.6,0.0
2023-10-05,METROPOLITANA DE SANTIAGO,18.1,8.2,0.0
2023-10-06,METROPOLITANA DE SANTIAGO,17.2,7.8,0.0
2023-10-07,METROPOLITANA DE SANTIAGO,20.6,8.1,0.0
2023-10-08,METROPOLITANA DE SANTIAGO,23.2,11.2,0.0
2023-10-09,METROPOLITANA DE SANTIAGO,24.6,12.5,0.0
2023-10-10,METROPOLITANA DE SANTIAGO,17.5,7.9,0.0
2023-10-11,METROPOLITANA DE SANTIAGO,19.4,6.9,0.0
2023-10-12,METROPOLITANA DE SANTIAGO,22.6,9.9,0.0
2023-10-13,METROPOLITANA DE SANTIAGO,23.9,12.8,0.0
2023-10-14,METROPOLITANA DE SANTIAGO,23.5,12.1,0.0
2023-10-15,METROPOLITANA DE SANTIAGO,21.8,10.8,0.0
2023-10-16,METROPOLITANA DE SANTIAGO,21.9,8.4,0.0
2023-10-17,METROPOLITANA DE SANTIAGO,25.1,12.8,0.0
2023-10-18,METROPOLITANA DE SANTIAGO,20.4,9.1,5.9
2023-10-19,METROPOLITANA DE SANTIAGO,26.0,10.6,0.0
2023-10-20,METROPOLITANA DE SANTIAGO,24.2,12.9,0.0
2023-10-21,METROPOLITANA DE SANTIAGO,15.9,10.8,0.0
2023-10-22,METROPOLITANA DE SANTIAGO,20.9,11.2,0.0
2023-10-23,METROPOLITANA DE SANTIAGO,21.1,10.4,0.0
2023-10-24,METROPOLITANA DE SANTIAGO,22.7,9.8,0.0
2023-10-25,METROPOLITANA DE SANTIAGO,23.9,11.7,0.0
2023-10-26,METROPOLITANA DE SANTIAGO,21.8,9.3,0.0
2023-10-27,METROPOLITANA DE SANTIAGO,18.6,7.6,0.0
2023-10-28,METROPOLITANA DE SANTIAGO,15.9,8.4,1.5
2023-10-29,METROPOLITANA DE SANTIAGO,20.5,9.1,12.1
2023-10-30,METROPOLITANA DE SANTIAGO,20.0,8.8,0.0
2023-10-31,METROPOLITANA DE SANTIAGO,21.5,8.2,0.0
2023-11-01,METROPOLITANA DE SANTIAGO,14.7,7.6,1.6
2023-11-02,METROPOLITANA DE SANTIAGO,16.7,7.0,1.3
2023-11-03,METROPOLITANA DE SANTIAGO,25.6,7.1,0.0
2023-11-04,METROPOLITANA DE SANTIAGO,22.8,11.2,0.0
2023-11-05,METROPOLITANA DE SANTIAGO,22.8,10.2,0.0
2023-11-06,METROPOLITANA DE SANTIAGO,22.0,10.3,0.0
2023-11-07,METROPOLITANA DE SANTIAGO,23.4,8.9,0.0
2023-11-08,METROPOLITANA DE SANTIAGO,26.5,13.0,0.0
2023-11-09,METROPOLITANA DE SANTIAGO,26.8,15.6,0.0
2023-11-10,METROPOLITANA DE SANTIAGO,16.9,11.5,25.2
2023-11-11,METROPOLITANA DE SANTIAGO,14.9,9.9,0.1
2023-11-12,METROPOLITANA DE SANTIAGO,17.8,7.7,0.0
2023-11-13,METROPOLITANA DE SANTIAGO,21.0,6.9,0.0
2023-11-14,METROPOLITANA DE SANTIAGO,22.0,10.9,0.0
2023-11-15,METROPOLITANA DE SANTIAGO,20.0,7.5,0.0
2023-11-16,METROPOLITANA DE SANTIAGO,22.7,7.7,0.0
2023-11-17,METROPOLITANA DE SANTIAGO,16.2,8.6,0.7
2023-11-18,METROPOLITANA DE SANTIAGO,21.6,10.1,0.0
2023-11-19,METROPOLITANA DE SANTIAGO,28.0,12.4,0.0
2023-11-20,METROPOLITANA DE SANTIAGO,25.5,9.8,0.0
2023-11-21,METROPOLITANA DE SANTIAGO,24.3,11.7,0.0
2023-11-22,METROPOLITANA DE SANTIAGO,26.0,9.9,0.0
2023-11-23,METROPOLITANA DE SANTIAGO,30.9,14.8,0.0
2023-11-24,METROPOLITANA DE SANTIAGO,27.6,12.9,0.0
2023-11-25,METROPOLITANA DE SANTIAGO,26.8,11.3,0.0
2023-11-26,METROPOLITANA DE SANTIAGO,25.9,12.6,0.0
2023-11-27,METROPOLITANA DE SANTIAGO,26.0,11.0,0.0
2023-11-28,METROPOLITANA DE SANTIAGO,23.5,9.9,0.0
2023-11-29,METROPOLITANA DE SANTIAGO,28.6,10.8,0.0
2023-11-30,METROPOLITANA DE SANTIAGO,26.5,12.1,0.0
2023-12-01,METROPOLITANA DE SANTIAGO,24.5,9.4,0.0
2023-12-02,METROPOLITANA DE SANTIAGO,25.1,10.2,0.0
2023-12-03,METROPOLITANA DE SANTIAGO,28.0,13.6,0.0
2023-12-04,METROPOLITANA DE SANTIAGO,28.3,13.8,0.0
2023-12-05,METROPOLITANA DE SANTIAGO,24.1,9.8,0.0
2023-12-06,METROPOLITANA DE SANTIAGO,27.9,10.6,0.0
2023-12-07,METROPOLITANA DE SANTIAGO,32.0,15.3,0.0
2023-12-08,METROPOLITANA DE SANTIAGO,28.0,12.5,0.0
2023-12-09,METROPOLITANA DE SANTIAGO,31.5,12.9,0.0
2023-12-10,METROPOLITANA DE SANTIAGO,34.1,14.9,0.0
2023-12-11,METROPOLITANA DE SANTIAGO,26.5,12.1,0.0
2023-12-12,METROPOLITANA DE SANTIAGO,29.7,14.1,0.0
2023-12-13,METROPOLITANA DE SANTIAGO,31.7,16.3,0.0
2023-12-14,METROPOLITANA DE SANTIAGO,26.5,14.6,0.0
2023-12-15,METROPOLITANA DE SANTIAGO,28.5,12.1,0.0
2023-12-16,METROPOLITANA DE SANTIAGO,23.9,10.4,0.0
2023-12-17,METROPOLITANA DE SANTIAGO,25.4,10.2,0.0
2023-12-18,METROPOLITANA DE SANTIAGO,30.0,12.1,0.0
2023-12-19,METROPOLITANA DE SANTIAGO,24.7,11.8,0.0
2023-12-20,METROPOLITANA DE SANTIAGO,30.0,9.9,0.0
2023-12-21,METROPOLITANA DE SANTIAGO,29.9,13.5,0.0
2023-12-22,METROPOLITANA DE SANTIAGO,31.6,13.1,0.0
2023-12-23,METROPOLITANA DE SANTIAGO,31.2,16.8,0.0
2023-12-24,METROPOLITANA DE SANTIAGO,28.9,12.9,0.0
2023-12-25,METROPOLITANA DE SANTIAGO,33.8,15.4,0.0
2023-12-26,METROPOLITANA DE SANTIAGO,27.4,16.1,0.0
2023-12-27,METROPOLITANA DE SANTIAGO,28.2,14.4,0.0
2023-12-28,METROPOLITANA DE SANTIAGO,21.3,13.9,0.0
2023-12-29,METROPOLITANA DE SANTIAGO,29.4,12.1,0.0
2023-12-30,METROPOLITANA DE SANTIAGO,27.2,12.8,0.0
2023-12-31,METROPOLITANA DE SANTIAGO,27.9,11.8,0.0
2024-01-01,METROPOLITANA DE SANTIAGO,29.9,12.2,0.0
2024-01-02,METROPOLITANA DE SANTIAGO,30.6,12.9,0.0
2024-01-03,METROPOLITANA DE SANTIAGO,30.2,16.7,0.0
2024-01-04,METROPOLITANA DE SANTIAGO,29.6,15.2,0.0
2024-01-05,METROPOLITANA DE SANTIAGO,27.5,14.5,0.0
2024-01-06,METROPOLITANA DE SANTIAGO,27.3,14.5,0.0
2024-01-07,METROPOLITANA DE SANTIAGO,29.9,13.5,0.0
2024-01-08,METROPOLITANA DE SANTIAGO,29.7,14.0,0.0
2024-01-09,METROPOLITANA DE SANTIAGO,29.6,14.2,0.0
2024-01-10,METROPOLITANA DE SANTIAGO,29.6,14.2,0.0
2024-01-11,METROPOLITANA DE SANTIAGO,30.0,16.4,0.0
2024-01-12,METROPOLITANA DE SANTIAGO,28.9,14.6,0.0
2024-01-13,METROPOLITANA DE SANTIAGO,27.8,12.1,0.0
2024-01-14,METROPOLITANA DE SANTIAGO,33.5,14.2,0.0
2024-01-15,METROPOLITANA DE SANTIAGO,30.5,15.8,0.0
2024-01-16,METROPOLITANA DE SANTIAGO,31.5,11.8,0.0
2024-01-17,METROPOLITANA DE SANTIAGO,30.8,16.4,0.0
2024-01-18,METROPOLITANA DE SANTIAGO,32.3,14.7,0.0
2024-01-19,METROPOLITANA DE SANTIAGO,33.0,18.6,0.0
2024-01-20,METROPOLITANA DE SANTIAGO,30.9,18.4,0.0
2024-01-21,METROPOLITANA DE SANTIAGO,32.8,16.9,0.0
2024-01-22,METROPOLITANA DE SANTIAGO,33.7,18.0,0.0
2024-01-23,METROPOLITANA DE SANTIAGO,31.0,15.0,0.0
2024-01-24,METROPOLITANA DE SANTIAGO,34.8,17.4,0.0
2024-01-25,METROPOLITANA DE SANTIAGO,31.8,17.5,0.0
2024-01-26,METROPOLITANA DE SANTIAGO,30.5,15.6,0.0
2024-01-27,METROPOLITANA DE SANTIAGO,33.5,16.5,0.0
2024-01-28,METROPOLITANA DE SANTIAGO,30.0,17.4,0.0
2024-01-29,METROPOLITANA DE SANTIAGO,32.5,16.9,0.0
2024-01-30,METROPOLITANA DE SANTIAGO,34.5,17.2,0.0
2024-01-31,METROPOLITANA DE SANTIAGO,36.7,20.8,0.0
2024-02-01,METROPOLITANA DE SANTIAGO,34.5,21.0,0.0
2024-02-02,METROPOLITANA DE SANTIAGO,35.5,18.5,0.0
2024-02-03,METROPOLITANA DE SANTIAGO,35.8,20.0,0.0
2024-02-04,METROPOLITANA DE SANTIAGO,31.2,18.0,0.0
2024-02-05,METROPOLITANA DE SANTIAGO,32.7,14.6,0.0
2024-02-06,METROPOLITANA DE SANTIAGO,31.2,18.0,0.0
2024-02-07,METROPOLITANA DE SANTIAGO,34.2,16.4,0.0
2024-02-08,METROPOLITANA DE SANTIAGO,32.6,19.5,0.0
2024-02-09,METROPOLITANA DE SANTIAGO,31.0,16.5,0.0
2024-02-10,METROPOLITANA DE SANTIAGO,33.2,17.3,0.0
2024-02-11,METROPOLITANA DE SANTIAGO,30.1,15.8,0.0
2024-02-12,METROPOLITANA DE SANTIAGO,34.4,15.8,0.0
2024-02-13,METROPOLITANA DE SANTIAGO,31.3,16.6,0.0
2024-02-14,METROPOLITANA DE SANTIAGO,31.7,14.8,0.0
2024-02-15,METROPOLITANA DE SANTIAGO,32.4,14.9,0.0
2024-02-16,METROPOLITANA DE SANTIAGO,29.7,14.4,0.0
2024-02-17,METROPOLITANA DE SANTIAGO,33.5,15.9,0.0
2024-02-18,METROPOLITANA DE SANTIAGO,33.5,18.2,0.0
2024-02-19,METROPOLITANA DE SANTIAGO,29.0,15.4,0.0
2024-02-20,METROPOLITANA DE SANTIAGO,30.0,14.4,0.0
2024-02-21,METROPOLITANA DE SANTIAGO,29.0,13.6,0.0
2024-02-22,METROPOLITANA DE SANTIAGO,19.7,14.9,8.1
2024-02-23,METROPOLITANA DE SANTIAGO,28.9,13.6,0.3
2024-02-24,METROPOLITANA DE SANTIAGO,29.8,16.0,0.0
2024-02-25,METROPOLITANA DE SANTIAGO,30.2,16.9,0.0
2024-02-26,METROPOLITANA DE SANTIAGO,30.9,15.3,0.0
2024-02-27,METROPOLITANA DE SANTIAGO,30.5,17.2,0.0
2024-02-28,METROPOLITANA DE SANTIAGO,32.1,15.6,0.0
2024-02-29,METROPOLITANA DE SANTIAGO,32.7,17.0,0.0
2024-03-01,METROPOLITANA DE SANTIAGO,29.7,16.4,0.0
2024-03-02,METROPOLITANA DE SANTIAGO,30.6,15.9,0.0
2024-03-03,METROPOLITANA DE SANTIAGO,30.9,18.4,0.0
2024-03-04,METROPOLITANA DE SANTIAGO,31.8,17.5,0.0
2024-03-05,METROPOLITANA DE SANTIAGO,30.1,17.1,0.0
2024-03-06,METROPOLITANA DE SANTIAGO,29.1,15.6,0.0
2024-03-07,METROPOLITANA DE SANTIAGO,28.4,13.3,0.0
2024-03-08,METROPOLITANA DE SANTIAGO,28.0,11.4,0.0
2024-03-09,METROPOLITANA DE SANTIAGO,30.5,13.6,0.0
2024-03-10,METROPOLITANA DE SANTIAGO,29.4,15.5,0.0
2024-03-11,METROPOLITANA DE SANTIAGO,27.9,12.6,0.0
2024-03-12,METROPOLITANA DE SANTIAGO,28.1,12.2,0.0
2024-03-13,METROPOLITANA DE SANTIAGO,27.8,12.6,0.0
2024-03-14,METROPOLITANA DE SANTIAGO,28.4,14.9,0.0
2024-03-15,METROPOLITANA DE SANTIAGO,28.6,14.6,0.0
2024-03-16,METROPOLITANA DE SANTIAGO,28.6,13.6,0.0
2024-03-17,METROPOLITANA DE SANTIAGO,29.7,15.4,0.0
2024-03-18,METROPOLITANA DE SANTIAGO,31.1,16.6,0.0
2024-03-19,METROPOLITANA DE SANTIAGO,28.5,15.4,0.0
2024-03-20,METROPOLITANA DE SANTIAGO,22.2,12.1,0.3
2024-03-21,METROPOLITANA DE SANTIAGO,31.4,14.1,3.5
2024-03-22,METROPOLITANA DE SANTIAGO,32.0,19.4,0.0
2024-03-23,METROPOLITANA DE SANTIAGO,29.5,14.9,0.0
2024-03-24,METROPOLITANA DE SANTIAGO,30.6,17.1,0.0
2024-03-25,METROPOLITANA DE SANTIAGO,28.3,15.4,0.0
2024-03-26,METROPOLITANA DE SANTIAGO,29.1,13.9,0.0
2024-03-27,METROPOLITANA DE SANTIAGO,29.1,15.1,0.0
2024-03-28,METROPOLITANA DE SANTIAGO,29.9,16.4,0.0
2024-03-29,METROPOLITANA DE SANTIAGO,30.2,17.1,0.0
2024-03-30,METROPOLITANA DE SANTIAGO,31.6,15.9,0.0
2024-03-31,METROPOLITANA DE SANTIAGO,29.6,17.2,0.0
2024-04-01,METROPOLITANA DE SANTIAGO,26.7,13.9,0.0
2024-04-02,METROPOLITANA DE SANTIAGO,25.0,14.4,0.0
2024-04-03,METROPOLITANA DE SANTIAGO,21.6,12.9,0.0
2024-04-04,METROPOLITANA DE SANTIAGO,26.9,13.3,0.0
2024-04-05,METROPOLITANA DE SANTIAGO,28.6,15.4,0.0
2024-04-06,METROPOLITANA DE SANTIAGO,25.6,11.1,0.0
2024-04-07,METROPOLITANA DE SANTIAGO,29.0,14.1,0.0
2024-04-08,METROPOLITANA DE SANTIAGO,25.5,13.6,0.0
2024-04-09,METROPOLITANA DE SANTIAGO,26.9,13.9,0.0
2024-04-10,METROPOLITANA DE SANTIAGO,27.4,13.6,0.0
2024-04-11,METROPOLITANA DE SANTIAGO,22.8,10.9,0.0
2024-04-12,METROPOLITANA DE SANTIAGO,16.4,10.9,0.0
2024-04-13,METROPOLITANA DE SANTIAGO,19.0,7.8,0.8
2024-04-14,METROPOLITANA DE SANTIAGO,20.7,10.1,0.9
2024-04-15,METROPOLITANA DE SANTIAGO,20.0,11.5,7.2
2024-04-16,METROPOLITANA DE SANTIAGO,22.6,9.7,0.0
2024-04-17,METROPOLITANA DE SANTIAGO,27.5,12.8,0.0
2024-04-18,METROPOLITANA DE SANTIAGO,29.6,14.4,0.0
2024-04-19,METROPOLITANA DE SANTIAGO,24.4,14.6,0.0
2024-04-20,METROPOLITANA DE SANTIAGO,21.9,13.9,0.0
2024-04-21,METROPOLITANA DE SANTIAGO,18.9,12.6,0.0
2024-04-22,METROPOLITANA DE SANTIAGO,20.6,10.4,0.0
2024-04-23,METROPOLITANA DE SANTIAGO,24.4,11.4,0.0
2024-04-24,METROPOLITANA DE SANTIAGO,22.5,11.9,0.0
2024-04-25,METROPOLITANA DE SANTIAGO,21.6,11.2,0.0
2024-04-26,METROPOLITANA DE SANTIAGO,19.5,9.4,0.0
2024-04-27,METROPOLITANA DE SANTIAGO,20.4,8.5,0.0
2024-04-28,METROPOLITANA DE SANTIAGO,18.0,9.4,0.0
2024-04-29,METROPOLITANA DE SANTIAGO,18.4,5.9,0.0
2024-04-30,METROPOLITANA DE SANTIAGO,16.1,7.2,0.2
2024-05-01,METROPOLITANA DE SANTIAGO,15.1,8.9,0.9
2024-05-02,METROPOLITANA DE SANTIAGO,15.1,5.8,0.0
2024-05-03,METROPOLITANA DE SANTIAGO,16.7,6.4,0.0
2024-05-04,METROPOLITANA DE SANTIAGO,18.1,5.8,0.0
2024-05-05,METROPOLITANA DE SANTIAGO,16.2,8.6,0.0
2024-05-06,METROPOLITANA DE SANTIAGO,16.3,6.7,0.0
2024-05-07,METROPOLITANA DE SANTIAGO,11.1,3.8,29.9
2024-05-08,METROPOLITANA DE SANTIAGO,14.6,1.0,0.0
2024-05-09,METROPOLITANA DE SANTIAGO,17.8,7.6,0.0
2024-05-10,METROPOLITANA DE SANTIAGO,14.0,6.9,0.0
2024-05-11,METROPOLITANA DE SANTIAGO,14.1,7.2,0.0
2024-05-12,METROPOLITANA DE SANTIAGO,13.6,5.0,0.0
2024-05-13,METROPOLITANA DE SANTIAGO,14.6,5.0,0.0
2024-05-14,METROPOLITANA DE SANTIAGO,15.8,4.8,0.0
2024-05-15,METROPOLITANA DE SANTIAGO,10.6,3.3,2.5
2024-05-16,METROPOLITANA DE SANTIAGO,13.9,1.5,0.0
2024-05-17,METROPOLITANA DE SANTIAGO,13.6,4.8,0.5
2024-05-18,METROPOLITANA DE SANTIAGO,15.8,2.8,0.0
2024-05-19,METROPOLITANA DE SANTIAGO,17.3,4.3,0.0
2024-05-20,METROPOLITANA DE SANTIAGO,13.4,8.6,36.9
2024-05-21,METROPOLITANA DE SANTIAGO,13.9,7.0,2.5
2024-05-22,METROPOLITANA DE SANTIAGO,10.5,7.2,27.0
2024-05-23,METROPOLITANA DE SANTIAGO,12.9,5.8,12.3
2024-05-24,METROPOLITANA DE SANTIAGO,16.5,4.1,0.0
2024-05-25,METROPOLITANA DE SANTIAGO,15.4,9.3,0.0
2024-05-26,METROPOLITANA DE SANTIAGO,14.1,6.1,4.1
2024-05-27,METROPOLITANA DE SANTIAGO,16.4,4.2,0.0
2024-05-28,METROPOLITANA DE SANTIAGO,19.2,8.4,0.0
2024-05-29,METROPOLITANA DE SANTIAGO,17.4,8.1,0.0
2024-05-30,METROPOLITANA DE SANTIAGO,19.2,12.9,0.0
2024-05-31,METROPOLITANA DE SANTIAGO,17.2,11.1,0.0
2024-06-01,METROPOLITANA DE SANTIAGO,17.6,7.5,0.0
2024-06-02,METROPOLITANA DE SANTIAGO,20.1,11.6,0.0
2024-06-03,METROPOLITANA DE SANTIAGO,19.6,11.1,0.0
2024-06-04,METROPOLITANA DE SANTIAGO,18.9,8.6,0.0
2024-06-05,METROPOLITANA DE SANTIAGO,17.4,10.6,0.0
2024-06-06,METROPOLITANA DE SANTIAGO,16.5,12.9,0.0
2024-06-07,METROPOLITANA DE SANTIAGO,20.7,14.4,0.0
2024-06-08,METROPOLITANA DE SANTIAGO,18.0,8.1,3.9
2024-06-09,METROPOLITANA DE SANTIAGO,13.6,8.6,11.5
2024-06-10,METROPOLITANA DE SANTIAGO,14.8,9.0,0.0
2024-06-11,METROPOLITANA DE SANTIAGO,14.9,9.2,0.0
2024-06-12,METROPOLITANA DE SANTIAGO,13.8,8.9,0.0
2024-06-13,METROPOLITANA DE SANTIAGO,13.4,8.6,46.5
2024-06-14,METROPOLITANA DE SANTIAGO,14.6,6.3,10.2
2024-06-15,METROPOLITANA DE SANTIAGO,13.9,6.2,0.0
2024-06-16,METROPOLITANA DE SANTIAGO,14.3,7.2,0.0
2024-06-17,METROPOLITANA DE SANTIAGO,14.6,5.7,0.3
2024-06-18,METROPOLITANA DE SANTIAGO,12.1,6.9,42.3
2024-06-19,METROPOLITANA DE SANTIAGO,15.3,4.8,10.2
2024-06-20,METROPOLITANA DE SANTIAGO,12.4,8.4,0.0
2024-06-21,METROPOLITANA DE SANTIAGO,9.6,7.3,47.0
2024-06-22,METROPOLITANA DE SANTIAGO,9.6,5.7,15.2
2024-06-23,METROPOLITANA DE SANTIAGO,10.6,5.7,0.0
2024-06-24,METROPOLITANA DE SANTIAGO,7.8,4.3,0.0
2024-06-25,METROPOLITANA DE SANTIAGO,10.2,3.7,0.2
2024-06-26,METROPOLITANA DE SANTIAGO,15.9,4.1,0.0
2024-06-27,METROPOLITANA DE SANTIAGO,16.0,7.1,0.0
2024-06-28,METROPOLITANA DE SANTIAGO,14.8,6.7,0.0
2024-06-29,METROPOLITANA DE SANTIAGO,17.5,9.6,0.0
2024-06-30,METROPOLITANA DE SANTIAGO,18.7,9.6,0.0
2024-07-01,METROPOLITANA DE SANTIAGO,19.8,10.6,0.0
2024-07-02,METROPOLITANA DE SANTIAGO,17.7,10.4,0.0
2024-07-03,METROPOLITANA DE SANTIAGO,16.4,10.4,0.0
2024-07-04,METROPOLITANA DE SANTIAGO,14.7,8.7,0.0
2024-07-05,METROPOLITANA DE SANTIAGO,14.8,8.6,0.0
2024-07-06,METROPOLITANA DE SANTIAGO,13.2,4.4,0.0
2024-07-07,METROPOLITANA DE SANTIAGO,13.2,6.6,0.0
2024-07-08,METROPOLITANA DE SANTIAGO,13.2,6.1,0.0
2024-07-09,METROPOLITANA DE SANTIAGO,11.5,0.0,0.0
2024-07-10,METROPOLITANA DE SANTIAGO,9.9,1.3,0.0
2024-07-11,METROPOLITANA DE SANTIAGO,11.5,3.3,0.0
2024-07-12,METROPOLITANA DE SANTIAGO,13.9,5.2,0.0
2024-07-13,METROPOLITANA DE SANTIAGO,14.1,5.4,0.0
2024-07-14,METROPOLITANA DE SANTIAGO,13.2,6.8,0.0
2024-07-15,METROPOLITANA DE SANTIAGO,15.1,6.2,0.0
2024-07-16,METROPOLITANA DE SANTIAGO,20.4,7.5,0.0
2024-07-17,METROPOLITANA DE SANTIAGO,18.5,10.2,0.0
2024-07-18,METROPOLITANA DE SANTIAGO,14.0,7.7,0.1
2024-07-19,METROPOLITANA DE SANTIAGO,15.6,6.8,0.0
2024-07-20,METROPOLITANA DE SANTIAGO,13.9,6.0,0.0
2024-07-21,METROPOLITANA DE SANTIAGO,14.4,5.5,0.0
2024-07-22,METROPOLITANA DE SANTIAGO,17.9,8.2,0.0
2024-07-23,METROPOLITANA DE SANTIAGO,10.9,5.9,0.2
2024-07-24,METROPOLITANA DE SANTIAGO,16.3,6.1,0.0
2024-07-25,METROPOLITANA DE SANTIAGO,18.4,9.8,0.0
2024-07-26,METROPOLITANA DE SANTIAGO,13.9,7.5,0.0
2024-07-27,METROPOLITANA DE SANTIAGO,16.5,5.9,0.0
2024-07-28,METROPOLITANA DE SANTIAGO,17.1,7.8,0.0
2024-07-29,METROPOLITANA DE SANTIAGO,21.9,10.7,0.0
2024-07-30,METROPOLITANA DE SANTIAGO,18.4,10.1,0.0
2024-07-31,METROPOLITANA DE SANTIAGO,13.1,7.9,0.0
2024-08-01,METROPOLITANA DE SANTIAGO,11.3,8.1,0.0
2024-08-02,METROPOLITANA DE SANTIAGO,13.4,6.0,57.0
2024-08-03,METROPOLITANA DE SANTIAGO,15.6,2.6,0.3
2024-08-04,METROPOLITANA DE SANTIAGO,16.2,8.2,0.0
2024-08-05,METROPOLITANA DE SANTIAGO,11.1,6.0,8.8
2024-08-06,METROPOLITANA DE SANTIAGO,12.1,4.6,10.8
2024-08-07,METROPOLITANA DE SANTIAGO,10.9,3.7,0.0
2024-08-08,METROPOLITANA DE SANTIAGO,13.7,0.4,0.0
2024-08-09,METROPOLITANA DE SANTIAGO,18.6,3.4,0.0
2024-08-10,METROPOLITANA DE SANTIAGO,19.0,7.8,0.0
2024-08-11,METROPOLITANA DE SANTIAGO,20.3,7.6,0.0
2024-08-12,METROPOLITANA DE SANTIAGO,23.0,14.7,0.0
2024-08-13,METROPOLITANA DE SANTIAGO,20.3,9.8,0.0
2024-08-14,METROPOLITANA DE SANTIAGO,14.5,9.4,0.0
2024-08-15,METROPOLITANA DE SANTIAGO,17.2,8.2,0.0
2024-08-16,METROPOLITANA DE SANTIAGO,13.6,6.9,0.0
2024-08-17,METROPOLITANA DE SANTIAGO,15.2,8.1,0.0
2024-08-18,METROPOLITANA DE SANTIAGO,12.9,6.2,0.0
2024-08-19,METROPOLITANA DE SANTIAGO,12.6,4.9,0.0
2024-08-20,METROPOLITANA DE SANTIAGO,10.8,4.2,0.2
2024-08-21,METROPOLITANA DE SANTIAGO,11.9,1.6,6.0
2024-08-22,METROPOLITANA DE SANTIAGO,11.6,0.9,0.0
2024-08-23,METROPOLITANA DE SANTIAGO,10.4,3.0,2.8
2024-08-24,METROPOLITANA DE SANTIAGO,17.0,0.9,0.0
2024-08-25,METROPOLITANA DE SANTIAGO,19.9,8.6,0.0
2024-08-26,METROPOLITANA DE SANTIAGO,16.9,5.4,0.0
2024-08-27,METROPOLITANA DE SANTIAGO,18.7,9.8,0.0
2024-08-28,METROPOLITANA DE SANTIAGO,15.5,7.2,0.0
2024-08-29,METROPOLITANA DE SANTIAGO,12.4,6.3,0.8
2024-08-30,METROPOLITANA DE SANTIAGO,13.8,6.7,1.5
2024-08-31,METROPOLITANA DE SANTIAGO,19.0,5.5,0.0
2024-09-01,METROPOLITANA DE SANTIAGO,23.5,11.5,0.0
2024-09-02,METROPOLITANA DE SANTIAGO,14.6,7.3,0.0
2024-09-03,METROPOLITANA DE SANTIAGO,15.9,7.8,0.0
2024-09-04,METROPOLITANA DE SANTIAGO,19.0,7.8,0.0
2024-09-05,METROPOLITANA DE SANTIAGO,21.6,11.6,0.0
2024-09-06,METROPOLITANA DE SANTIAGO,17.9,7.7,0.0
2024-09-07,METROPOLITANA DE SANTIAGO,16.8,7.8,0.0
2024-09-08,METROPOLITANA DE SANTIAGO,19.2,8.9,0.0
2024-09-09,METROPOLITANA DE SANTIAGO,21.3,10.6,0.0
2024-09-10,METROPOLITANA DE SANTIAGO,18.0,8.5,0.3
2024-09-11,METROPOLITANA DE SANTIAGO,18.8,7.7,0.1
2024-09-12,METROPOLITANA DE SANTIAGO,16.8,8.6,0.0
2024-09-13,METROPOLITANA DE SANTIAGO,18.3,6.1,0.0
2024-09-14,METROPOLITANA DE SANTIAGO,22.5,8.3,0.0
2024-09-15,METROPOLITANA DE SANTIAGO,22.9,12.4,0.0
2024-09-16,METROPOLITANA DE SANTIAGO,24.9,9.4,0.0
2024-09-17,METROPOLITANA DE SANTIAGO,21.8,7.0,0.0
2024-09-18,METROPOLITANA DE SANTIAGO,21.9,8.6,0.0
2024-09-19,METROPOLITANA DE SANTIAGO,17.4,5.6,1.0
2024-09-20,METROPOLITANA DE SANTIAGO,18.5,6.3,0.0
2024-09-21,METROPOLITANA DE SANTIAGO,16.9,8.1,0.0
2024-09-22,METROPOLITANA DE SANTIAGO,13.1,7.8,3.8
2024-09-23,METROPOLITANA DE SANTIAGO,15.6,8.4,0.7
2024-09-24,METROPOLITANA DE SANTIAGO,17.6,7.6,0.0
2024-09-25,METROPOLITANA DE SANTIAGO,17.4,7.4,0.0
2024-09-26,METROPOLITANA DE SANTIAGO,24.4,6.9,0.0
2024-09-27,METROPOLITANA DE SANTIAGO,22.0,13.1,0.0
2024-09-28,METROPOLITANA DE SANTIAGO,24.0,12.9,0.0
2024-09-29,METROPOLITANA DE SANTIAGO,19.4,10.2,0.0
2024-09-30,METROPOLITANA DE SANTIAGO,18.8,8.6,0.0
2024-10-01,METROPOLITANA DE SANTIAGO,17.9,6.1,0.0
2024-10-02,METROPOLITANA DE SANTIAGO,21.2,9.5,0.0
2024-10-03,METROPOLITANA DE SANTIAGO,25.0,12.6,0.0
2024-10-04,METROPOLITANA DE SANTIAGO,25.8,12.6,0.0
2024-10-05,METROPOLITANA DE SANTIAGO,25.4,11.1,0.0
2024-10-06,METROPOLITANA DE SANTIAGO,21.2,13.4,0.3
2024-10-07,METROPOLITANA DE SANTIAGO,23.0,11.2,3.6
2024-10-08,METROPOLITANA DE SANTIAGO,15.6,10.0,10.7
2024-10-09,METROPOLITANA DE SANTIAGO,19.2,9.2,0.5
2024-10-10,METROPOLITANA DE SANTIAGO,19.0,10.0,0.0
2024-10-11,METROPOLITANA DE SANTIAGO,18.2,10.2,0.1
2024-10-12,METROPOLITANA DE SANTIAGO,18.6,11.0,0.0
2024-10-13,METROPOLITANA DE SANTIAGO,23.6,11.5,0.0
2024-10-14,METROPOLITANA DE SANTIAGO,22.4,11.1,0.0
2024-10-15,METROPOLITANA DE SANTIAGO,28.1,14.6,0.0
2024-10-16,METROPOLITANA DE SANTIAGO,19.9,8.5,0.0
2024-10-17,METROPOLITANA DE SANTIAGO,26.6,9.2,0.0
2024-10-18,METROPOLITANA DE SANTIAGO,29.0,13.4,0.0
2024-10-19,METROPOLITANA DE SANTIAGO,22.9,10.9,0.0
2024-10-20,METROPOLITANA DE SANTIAGO,20.9,9.2,0.6
2024-10-21,METROPOLITANA DE SANTIAGO,24.5,9.6,0.0
2024-10-22,METROPOLITANA DE SANTIAGO,24.1,11.2,2.3
2024-10-23,METROPOLITANA DE SANTIAGO,18.8,9.6,7.9
2024-10-24,METROPOLITANA DE SANTIAGO,26.0,7.9,0.0
2024-10-25,METROPOLITANA DE SANTIAGO,24.0,8.9,0.0
2024-10-26,METROPOLITANA DE SANTIAGO,29.2,12.6,0.0
2024-10-27,METROPOLITANA DE SANTIAGO,27.7,12.1,0.0
2024-10-28,METROPOLITANA DE SANTIAGO,32.3,15.6,0.0
2024-10-29,METROPOLITANA DE SANTIAGO,25.4,12.6,0.0
2024-10-30,METROPOLITANA DE SANTIAGO,26.0,10.9,0.0
2024-10-31,METROPOLITANA DE SANTIAGO,27.1,11.8,0.0
2024-11-01,METROPOLITANA DE SANTIAGO,20.5,11.0,0.0
2024-11-02,METROPOLITANA DE SANTIAGO,25.6,8.4,0.0
2024-11-03,METROPOLITANA DE SANTIAGO,24.2,10.1,0.0
2024-11-04,METROPOLITANA DE SANTIAGO,23.9,8.9,0.0
2024-11-05,METROPOLITANA DE SANTIAGO,27.2,12.1,0.0
2024-11-06,METROPOLITANA DE SANTIAGO,27.2,13.2,0.0
2024-11-07,METROPOLITANA DE SANTIAGO,25.5,13.5,0.0
2024-11-08,METROPOLITANA DE SANTIAGO,30.0,15.2,0.0
2024-11-09,METROPOLITANA DE SANTIAGO,28.1,15.2,0.0
2024-11-10,METROPOLITANA DE SANTIAGO,23.0,11.9,0.0
2024-11-11,METROPOLITANA DE SANTIAGO,26.8,10.7,0.0
2024-11-12,METROPOLITANA DE SANTIAGO,31.6,15.9,0.0
2024-11-13,METROPOLITANA DE SANTIAGO,28.0,14.7,0.0
2024-11-14,METROPOLITANA DE SANTIAGO,27.2,13.6,0.0
2024-11-15,METROPOLITANA DE SANTIAGO,25.6,10.8,0.0
2024-11-16,METROPOLITANA DE SANTIAGO,20.4,13.5,0.5
2024-11-17,METROPOLITANA DE SANTIAGO,26.0,10.6,0.0
2024-11-18,METROPOLITANA DE SANTIAGO,27.0,13.4,0.0
2024-11-19,METROPOLITANA DE SANTIAGO,26.3,11.4,0.0
2024-11-20,METROPOLITANA DE SANTIAGO,25.7,12.6,0.0
2024-11-21,METROPOLITANA DE SANTIAGO,28.0,14.0,0.0
2024-11-22,METROPOLITANA DE SANTIAGO,26.9,12.1,0.0
2024-11-23,METROPOLITANA DE SANTIAGO,29.8,13.5,0.0
2024-11-24,METROPOLITANA DE SANTIAGO,28.1,14.1,0.0
2024-11-25,METROPOLITANA DE SANTIAGO,26.9,15.2,0.0
2024-11-26,METROPOLITANA DE SANTIAGO,26.5,13.1,0.0
2024-11-27,METROPOLITANA DE SANTIAGO,25.5,11.6,0.0
2024-11-28,METROPOLITANA DE SANTIAGO,26.3,10.4,0.0
2024-11-29,METROPOLITANA DE SANTIAGO,28.6,13.8,0.0
2024-11-30,METROPOLITANA DE SANTIAGO,26.6,12.6,0.0
2024-12-01,METROPOLITANA DE SANTIAGO,24.5,9.7,0.0
2024-12-02,METROPOLITANA DE SANTIAGO,26.3,12.3,0.0
2024-12-03,METROPOLITANA DE SANTIAGO,26.6,12.4,0.0
2024-12-04,METROPOLITANA DE SANTIAGO,25.2,10.9,0.0
2024-12-05,METROPOLITANA DE SANTIAGO,22.2,9.4,0.0
2024-12-06,METROPOLITANA DE SANTIAGO,26.3,10.6,0.0
2024-12-07,METROPOLITANA DE SANTIAGO,26.8,13.7,0.0
2024-12-08,METROPOLITANA DE SANTIAGO,25.4,11.4,0.0
2024-12-09,METROPOLITANA DE SANTIAGO,30.2,11.8,0.0
2024-12-10,METROPOLITANA DE SANTIAGO,28.8,14.9,0.0
2024-12-11,METROPOLITANA DE SANTIAGO,30.0,14.1,0.0
2024-12-12,METROPOLITANA DE SANTIAGO,27.9,13.1,0.0
2024-12-13,METROPOLITANA DE SANTIAGO,29.8,14.6,0.0
2024-12-14,METROPOLITANA DE SANTIAGO,30.8,15.6,0.0
2024-12-15,METROPOLITANA DE SANTIAGO,27.6,14.6,0.0
2024-12-16,METROPOLITANA DE SANTIAGO,28.5,12.4,0.0
2024-12-17,METROPOLITANA DE SANTIAGO,26.7,12.3,0.0
2024-12-18,METROPOLITANA DE SANTIAGO,28.6,12.9,0.0
2024-12-19,METROPOLITANA DE SANTIAGO,32.6,16.2,0.0
2024-12-20,METROPOLITANA DE SANTIAGO,29.7,16.1,0.0
2024-12-21,METROPOLITANA DE SANTIAGO,32.2,16.4,0.0
2024-12-22,METROPOLITANA DE SANTIAGO,33.9,18.9,0.0
2024-12-23,METROPOLITANA DE SANTIAGO,29.6,18.9,0.0
2024-12-24,METROPOLITANA DE SANTIAGO,31.1,17.2,0.0
2024-12-25,METROPOLITANA DE SANTIAGO,29.3,15.8,0.0
2024-12-26,METROPOLITANA DE SANTIAGO,28.0,13.3,0.0
2024-12-27,METROPOLITANA DE SANTIAGO,28.8,14.1,0.0
2024-12-28,METROPOLITANA DE SANTIAGO,29.8,14.4,0.0
2024-12-29,METROPOLITANA DE SANTIAGO,31.3,14.6,0.0
2024-12-30,METROPOLITANA DE SANTIAGO,30.5,15.6,0.0
2024-12-31,METROPOLITANA DE SANTIAGO,31.0,16.7,0.0
2025-01-01,METROPOLITANA DE SANTIAGO,30.1,17.3,0.0
2025-01-02,METROPOLITANA DE SANTIAGO,30.8,15.8,0.0
2025-01-03,METROPOLITANA DE SANTIAGO,30.6,17.5,0.0
2025-01-04,METROPOLITANA DE SANTIAGO,30.2,15.1,0.0
2025-01-05,METROPOLITANA DE SANTIAGO,31.9,18.7,0.0
2025-01-06,METROPOLITANA DE SANTIAGO,30.0,17.6,0.0
2025-01-07,METROPOLITANA DE SANTIAGO,27.8,14.4,0.0
2025-01-08,METROPOLITANA DE SANTIAGO,29.5,14.4,0.0
2025-01-09,METROPOLITANA DE SANTIAGO,31.7,16.2,0.0
2025-01-10,METROPOLITANA DE SANTIAGO,32.3,17.8,0.0
2025-01-11,METROPOLITANA DE SANTIAGO,33.4,18.0,0.0
2025-01-12,METROPOLITANA DE SANTIAGO,28.7,18.4,0.0
2025-01-13,METROPOLITANA DE SANTIAGO,29.7,15.6,0.0
2025-01-14,METROPOLITANA DE SANTIAGO,30.6,16.4,0.0
2025-01-15,METROPOLITANA DE SANTIAGO,32.0,16.5,0.0
2025-01-16,METROPOLITANA DE SANTIAGO,32.4,17.8,0.0
2025-01-17,METROPOLITANA DE SANTIAGO,31.1,16.5,0.0
2025-01-18,METROPOLITANA DE SANTIAGO,28.9,15.5,0.0
2025-01-19,METROPOLITANA DE SANTIAGO,33.1,15.6,0.0
2025-01-20,METROPOLITANA DE SANTIAGO,29.6,16.6,0.0
2025-01-21,METROPOLITANA DE SANTIAGO,29.4,15.1,0.0
2025-01-22,METROPOLITANA DE SANTIAGO,28.2,15.4,0.0
2025-01-23,METROPOLITANA DE SANTIAGO,30.1,14.1,0.0
2025-01-24,METROPOLITANA DE SANTIAGO,32.7,16.5,0.0
2025-01-25,METROPOLITANA DE SANTIAGO,33.0,19.1,0.0
2025-01-26,METROPOLITANA DE SANTIAGO,31.2,17.6,0.0
2025-01-27,METROPOLITANA DE SANTIAGO,32.7,16.1,0.0
2025-01-28,METROPOLITANA DE SANTIAGO,33.0,17.5,0.0
2025-01-29,METROPOLITANA DE SANTIAGO,30.5,17.8,0.0
2025-01-30,METROPOLITANA DE SANTIAGO,28.9,15.5,0.0
2025-01-31,METROPOLITANA DE SANTIAGO,31.8,15.1,0.0
2025-02-01,METROPOLITANA DE SANTIAGO,31.4,17.1,0.0
2025-02-02,METROPOLITANA DE SANTIAGO,30.0,16.0,0.0
2025-02-03,METROPOLITANA DE SANTIAGO,31.5,16.6,0.0
2025-02-04,METROPOLITANA DE SANTIAGO,31.2,18.6,0.0
2025-02-05,METROPOLITANA DE SANTIAGO,32.9,17.5,0.0
2025-02-06,METROPOLITANA DE SANTIAGO,34.2,17.5,0.0
2025-02-07,METROPOLITANA DE SANTIAGO,30.8,17.9,0.0
2025-02-08,METROPOLITANA DE SANTIAGO,35.2,17.4,0.0
2025-02-09,METROPOLITANA DE SANTIAGO,32.5,20.5,0.0
2025-02-10,METROPOLITANA DE SANTIAGO,29.1,18.0,0.0
2025-02-11,METROPOLITANA DE SANTIAGO,30.5,16.6,0.0
2025-02-12,METROPOLITANA DE SANTIAGO,30.0,16.9,0.0
2025-02-13,METROPOLITANA DE SANTIAGO,31.1,17.0,0.0
2025-02-14,METROPOLITANA DE SANTIAGO,29.4,15.9,0.0
2025-02-15,METROPOLITANA DE SANTIAGO,26.6,14.1,0.0
2025-02-16,METROPOLITANA DE SANTIAGO,29.1,12.8,0.0
2025-02-17,METROPOLITANA DE SANTIAGO,30.8,15.2,0.0
2025-02-18,METROPOLITANA DE SANTIAGO,30.9,16.4,0.0
2025-02-19,METROPOLITANA DE SANTIAGO,27.0,14.5,0.0
2025-02-20,METROPOLITANA DE SANTIAGO,29.7,13.5,0.0
2025-02-21,METROPOLITANA DE SANTIAGO,31.9,16.1,0.0
2025-02-22,METROPOLITANA DE SANTIAGO,31.9,18.0,0.0
2025-02-23,METROPOLITANA DE SANTIAGO,32.8,18.1,0.0
2025-02-24,METROPOLITANA DE SANTIAGO,33.0,17.6,0.0
2025-02-25,METROPOLITANA DE SANTIAGO,32.0,18.8,0.0
2025-02-26,METROPOLITANA DE SANTIAGO,32.7,17.9,0.0
2025-02-27,METROPOLITANA DE SANTIAGO,29.5,17.6,0.0
2025-02-28,METROPOLITANA DE SANTIAGO,27.5,15.4,0.0
2025-03-01,METROPOLITANA DE SANTIAGO,28.5,15.1,0.0
2025-03-02,METROPOLITANA DE SANTIAGO,26.9,14.1,0.0
2025-03-03,METROPOLITANA DE SANTIAGO,28.6,13.1,0.0
2025-03-04,METROPOLITANA DE SANTIAGO,29.4,14.6,0.0
2025-03-05,METROPOLITANA DE SANTIAGO,29.2,16.2,0.0
2025-03-06,METROPOLITANA DE SANTIAGO,27.8,15.2,0.0
2025-03-07,METROPOLITANA DE SANTIAGO,27.1,13.9,0.0
2025-03-08,METROPOLITANA DE SANTIAGO,30.7,15.4,0.0
2025-03-09,METROPOLITANA DE SANTIAGO,31.4,17.0,0.0
2025-03-10,METROPOLITANA DE SANTIAGO,28.5,16.2,0.0
2025-03-11,METROPOLITANA DE SANTIAGO,30.9,16.8,0.0
2025-03-12,METROPOLITANA DE SANTIAGO,31.9,17.8,0.0
2025-03-13,METROPOLITANA DE SANTIAGO,30.3,16.8,0.0
2025-03-14,METROPOLITANA DE SANTIAGO,26.9,13.8,0.0
2025-03-15,METROPOLITANA DE SANTIAGO,26.5,13.3,0.0
2025-03-16,METROPOLITANA DE SANTIAGO,29.1,12.9,0.0
2025-03-17,METROPOLITANA DE SANTIAGO,31.2,15.4,0.0
2025-03-18,METROPOLITANA DE SANTIAGO,33.4,17.5,0.0
2025-03-19,METROPOLITANA DE SANTIAGO,25.8,15.6,0.0
2025-03-20,METROPOLITANA DE SANTIAGO,27.5,13.4,0.0
2025-03-21,METROPOLITANA DE SANTIAGO,29.2,14.4,0.0
2025-03-22,METROPOLITANA DE SANTIAGO,28.2,15.9,0.0
2025-03-23,METROPOLITANA DE SANTIAGO,26.4,15.1,0.0
2025-03-24,METROPOLITANA DE SANTIAGO,25.0,12.0,0.0
2025-03-25,METROPOLITANA DE SANTIAGO,22.6,11.7,1.1
2025-03-26,METROPOLITANA DE SANTIAGO,28.0,11.7,0.0
2025-03-27,METROPOLITANA DE SANTIAGO,23.0,12.6,0.0
2025-03-28,METROPOLITANA DE SANTIAGO,25.4,11.2,0.0
2025-03-29,METROPOLITANA DE SANTIAGO,26.3,13.9,0.0
2025-03-30,METROPOLITANA DE SANTIAGO,14.9,11.4,9.5
2025-03-31,METROPOLITANA DE SANTIAGO,21.0,8.0,0.0
2025-04-01,METROPOLITANA DE SANTIAGO,21.8,11.1,0.0
2025-04-02,METROPOLITANA DE SANTIAGO,23.1,11.8,0.0
2025-04-03,METROPOLITANA DE SANTIAGO,26.8,12.6,0.0
2025-04-04,METROPOLITANA DE SANTIAGO,26.0,14.4,0.0
2025-04-05,METROPOLITANA DE SANTIAGO,20.3,11.7,0.0
2025-04-06,METROPOLITANA DE SANTIAGO,22.4,9.8,0.0
2025-04-07,METROPOLITANA DE SANTIAGO,26.6,12.5,0.0
2025-04-08,METROPOLITANA DE SANTIAGO,25.1,13.9,0.0
2025-04-09,METROPOLITANA DE SANTIAGO,24.4,11.7,0.0
2025-04-10,METROPOLITANA DE SANTIAGO,21.6,10.4,0.0
2025-04-11,METROPOLITANA DE SANTIAGO,17.4,11.4,0.0
2025-04-12,METROPOLITANA DE SANTIAGO,24.6,9.4,0.0
2025-04-13,METROPOLITANA DE SANTIAGO,25.4,13.4,0.0
2025-04-14,METROPOLITANA DE SANTIAGO,23.0,10.4,0.0
2025-04-15,METROPOLITANA DE SANTIAGO,24.8,10.7,0.0
2025-04-16,METROPOLITANA DE SANTIAGO,23.7,10.2,0.0
2025-04-17,METROPOLITANA DE SANTIAGO,22.9,13.1,0.0
2025-04-18,METROPOLITANA DE SANTIAGO,27.6,12.8,0.0
2025-04-19,METROPOLITANA DE SANTIAGO,26.3,14.0,0.0
2025-04-20,METROPOLITANA DE SANTIAGO,24.2,10.5,0.0
2025-04-21,METROPOLITANA DE SANTIAGO,23.9,11.0,0.0
2025-04-22,METROPOLITANA DE SANTIAGO,25.2,12.2,0.0
2025-04-23,METROPOLITANA DE SANTIAGO,18.9,14.4,0.0
2025-04-24,METROPOLITANA DE SANTIAGO,21.4,12.7,0.0
2025-04-25,METROPOLITANA DE SANTIAGO,17.4,11.4,0.1
2025-04-26,METROPOLITANA DE SANTIAGO,20.2,9.0,0.0
2025-04-27,METROPOLITANA DE SANTIAGO,23.5,10.4,0.0
2025-04-28,METROPOLITANA DE SANTIAGO,24.3,11.2,0.0
2025-04-29,METROPOLITANA DE SANTIAGO,20.3,9.9,0.0
2025-04-30,METROPOLITANA DE SANTIAGO,16.6,9.9,0.0
2025-05-01,METROPOLITANA DE SANTIAGO,19.0,7.9,0.0
2025-05-02,METROPOLITANA DE SANTIAGO,23.0,9.6,0.0
2025-05-03,METROPOLITANA DE SANTIAGO,23.4,11.9,0.0
2025-05-04,METROPOLITANA DE SANTIAGO,23.8,11.2,0.0
2025-05-05,METROPOLITANA DE SANTIAGO,23.1,11.9,0.0
2025-05-06,METROPOLITANA DE SANTIAGO,16.9,9.8,0.0
2025-05-07,METROPOLITANA DE SANTIAGO,17.4,9.9,13.5
2025-05-08,METROPOLITANA DE SANTIAGO,13.8,9.6,20.8
2025-05-09,METROPOLITANA DE SANTIAGO,18.6,5.7,0.0
2025-05-10,METROPOLITANA DE SANTIAGO,23.9,7.8,0.0
2025-05-11,METROPOLITANA DE SANTIAGO,19.3,10.0,0.0
2025-05-12,METROPOLITANA DE SANTIAGO,18.6,10.4,0.0
2025-05-13,METROPOLITANA DE SANTIAGO,17.5,10.1,0.0
2025-05-14,METROPOLITANA DE SANTIAGO,18.9,9.4,0.0
2025-05-15,METROPOLITANA DE SANTIAGO,17.4,8.8,0.0
2025-05-16,METROPOLITANA DE SANTIAGO,16.6,8.1,0.0
2025-05-17,METROPOLITANA DE SANTIAGO,13.6,8.1,0.2
2025-05-18,METROPOLITANA DE SANTIAGO,14.7,8.2,6.1
2025-05-19,METROPOLITANA DE SANTIAGO,19.8,10.9,7.9
2025-05-20,METROPOLITANA DE SANTIAGO,19.7,12.4,0.0
2025-05-21,METROPOLITANA DE SANTIAGO,21.0,12.8,0.0
2025-05-22,METROPOLITANA DE SANTIAGO,21.9,9.4,0.0
2025-05-23,METROPOLITANA DE SANTIAGO,18.2,11.2,0.0
2025-05-24,METROPOLITANA DE SANTIAGO,20.4,9.2,0.0
2025-05-25,METROPOLITANA DE SANTIAGO,19.0,10.6,0.0
2025-05-26,METROPOLITANA DE SANTIAGO,13.1,10.2,21.2
2025-05-27,METROPOLITANA DE SANTIAGO,13.9,5.8,5.5
2025-05-28,METROPOLITANA DE SANTIAGO,20.2,4.2,0.0
2025-05-29,METROPOLITANA DE SANTIAGO,19.8,9.1,0.0
2025-05-30,METROPOLITANA DE SANTIAGO,17.2,8.1,0.0
2025-05-31,METROPOLITANA DE SANTIAGO,17.6,6.6,0.0
2025-06-01,METROPOLITANA DE SANTIAGO,18.8,7.3,0.0
2025-06-02,METROPOLITANA DE SANTIAGO,14.9,8.2,0.0
2025-06-03,METROPOLITANA DE SANTIAGO,14.4,11.1,0.0
2025-06-04,METROPOLITANA DE SANTIAGO,17.1,8.0,0.0
2025-06-05,METROPOLITANA DE SANTIAGO,19.1,6.2,0.0
2025-06-06,METROPOLITANA DE SANTIAGO,14.0,7.2,0.0
2025-06-07,METROPOLITANA DE SANTIAGO,16.3,6.2,0.0
2025-06-08,METROPOLITANA DE SANTIAGO,18.0,6.3,0.0
2025-06-09,METROPOLITANA DE SANTIAGO,19.7,5.4,0.0
2025-06-10,METROPOLITANA DE SANTIAGO,23.0,7.3,0.0
2025-06-11,METROPOLITANA DE SANTIAGO,12.6,6.4,0.0
2025-06-12,METROPOLITANA DE SANTIAGO,10.7,4.8,22.5
2025-06-13,METROPOLITANA DE SANTIAGO,12.6,2.9,0.0
2025-06-14,METROPOLITANA DE SANTIAGO,16.0,1.3,0.0
2025-06-15,METROPOLITANA DE SANTIAGO,17.0,8.4,0.0
2025-06-16,METROPOLITANA DE SANTIAGO,10.6,4.3,46.5
2025-06-17,METROPOLITANA DE SANTIAGO,11.4,3.3,0.1
2025-06-18,METROPOLITANA DE SANTIAGO,13.9,1.4,0.0
2025-06-19,METROPOLITANA DE SANTIAGO,13.6,3.4,0.0
2025-06-20,METROPOLITANA DE SANTIAGO,15.3,5.7,0.0
2025-06-21,METROPOLITANA DE SANTIAGO,12.8,4.2,0.7
2025-06-22,METROPOLITANA DE SANTIAGO,14.1,8.0,8.8
2025-06-23,METROPOLITANA DE SANTIAGO,14.4,4.9,0.0
2025-06-24,METROPOLITANA DE SANTIAGO,14.8,4.4,0.0
2025-06-25,METROPOLITANA DE SANTIAGO,12.9,4.4,0.0
2025-06-26,METROPOLITANA DE SANTIAGO,13.9,4.5,0.0
2025-06-27,METROPOLITANA DE SANTIAGO,10.9,2.8,0.0
2025-06-28,METROPOLITANA DE SANTIAGO,12.0,5.4,0.1
2025-06-29,METROPOLITANA DE SANTIAGO,12.1,1.7,0.0
2025-06-30,METROPOLITANA DE SANTIAGO,13.2,1.9,0.0
2025-07-01,METROPOLITANA DE SANTIAGO,18.4,7.2,0.0
2025-07-02,METROPOLITANA DE SANTIAGO,19.2,8.6,0.0
2025-07-03,METROPOLITANA DE SANTIAGO,21.1,8.2,0.0
2025-07-04,METROPOLITANA DE SANTIAGO,21.1,9.3,0.0
2025-07-05,METROPOLITANA DE SANTIAGO,14.4,7.1,0.0
2025-07-06,METROPOLITANA DE SANTIAGO,15.9,6.8,0.0
2025-07-07,METROPOLITANA DE SANTIAGO,18.0,5.5,0.0
2025-07-08,METROPOLITANA DE SANTIAGO,17.2,5.6,0.0
2025-07-09,METROPOLITANA DE SANTIAGO,11.2,6.2,0.0
2025-07-10,METROPOLITANA DE SANTIAGO,14.6,5.0,0.0
2025-07-11,METROPOLITANA DE SANTIAGO,16.0,3.5,0.0
2025-07-12,METROPOLITANA DE SANTIAGO,13.9,5.3,0.0
2025-07-13,METROPOLITANA DE SANTIAGO,13.6,4.8,0.0
2025-07-14,METROPOLITANA DE SANTIAGO,12.4,6.1,0.0
2025-07-15,METROPOLITANA DE SANTIAGO,11.5,4.2,0.0
2025-07-16,METROPOLITANA DE SANTIAGO,13.6,2.8,0.0
2025-07-17,METROPOLITANA DE SANTIAGO,19.5,4.4,0.0
2025-07-18,METROPOLITANA DE SANTIAGO,17.8,6.7,0.0
2025-07-19,METROPOLITANA DE SANTIAGO,18.9,7.5,0.0
2025-07-20,METROPOLITANA DE SANTIAGO,18.6,10.8,0.0
2025-07-21,METROPOLITANA DE SANTIAGO,17.4,9.2,0.0
2025-07-22,METROPOLITANA DE SANTIAGO,19.5,9.9,0.0
2025-07-23,METROPOLITANA DE SANTIAGO,15.6,6.4,0.0
2025-07-24,METROPOLITANA DE SANTIAGO,14.7,7.2,0.0
2025-07-25,METROPOLITANA DE SANTIAGO,14.2,4.2,0.0
2025-07-26,METROPOLITANA DE SANTIAGO,12.7,6.4,0.0
2025-07-27,METROPOLITANA DE SANTIAGO,13.1,7.2,0.0
2025-07-28,METROPOLITANA DE SANTIAGO,19.4,9.6,0.0
2025-07-29,METROPOLITANA DE SANTIAGO,22.0,10.0,0.0
2025-07-30,METROPOLITANA DE SANTIAGO,16.1,8.4,0.0
2025-07-31,METROPOLITANA DE SANTIAGO,14.6,8.8,7.0
2025-08-01,METROPOLITANA DE SANTIAGO,12.5,5.2,24.6
2025-08-02,METROPOLITANA DE SANTIAGO,10.6,2.2,22.3
2025-08-03,METROPOLITANA DE SANTIAGO,13.8,3.5,0.0
2025-08-04,METROPOLITANA DE SANTIAGO,19.0,8.1,0.0
2025-08-05,METROPOLITANA DE SANTIAGO,19.2,9.8,0.0
2025-08-06,METROPOLITANA DE SANTIAGO,18.3,8.6,0.0
2025-08-07,METROPOLITANA DE SANTIAGO,16.8,8.2,0.0
2025-08-08,METROPOLITANA DE SANTIAGO,18.6,7.3,0.0
2025-08-09,METROPOLITANA DE SANTIAGO,13.1,6.8,0.8
2025-08-10,METROPOLITANA DE SANTIAGO,17.8,7.3,0.0
2025-08-11,METROPOLITANA DE SANTIAGO,21.2,7.8,0.0
2025-08-12,METROPOLITANA DE SANTIAGO,19.1,12.5,0.0
2025-08-13,METROPOLITANA DE SANTIAGO,22.0,10.4,0.0
2025-08-14,METROPOLITANA DE SANTIAGO,17.9,9.1,0.0
2025-08-15,METROPOLITANA DE SANTIAGO,13.3,8.9,9.7
2025-08-16,METROPOLITANA DE SANTIAGO,18.5,5.9,0.0
2025-08-17,METROPOLITANA DE SANTIAGO,14.6,8.6,0.0
2025-08-18,METROPOLITANA DE SANTIAGO,15.1,7.5,1.1
2025-08-19,METROPOLITANA DE SANTIAGO,16.9,8.1,0.5
2025-08-20,METROPOLITANA DE SANTIAGO,18.9,7.8,0.8
2025-08-21,METROPOLITANA DE SANTIAGO,15.8,5.9,33.7
2025-08-22,METROPOLITANA DE SANTIAGO,7.1,-0.3,14.0
2025-08-23,METROPOLITANA DE SANTIAGO,4.7,-3.2,0.0
2025-08-24,METROPOLITANA DE SANTIAGO,10.1,-2.5,0.0
2025-08-25,METROPOLITANA DE SANTIAGO,15.6,3.5,0.0
2025-08-26,METROPOLITANA DE SANTIAGO,21.4,5.4,0.0
2025-08-27,METROPOLITANA DE SANTIAGO,18.2,5.9,0.0
2025-08-28,METROPOLITANA DE SANTIAGO,14.6,8.0,0.0
2025-08-29,METROPOLITANA DE SANTIAGO,11.4,8.8,4.9
2025-08-30,METROPOLITANA DE SANTIAGO,12.8,6.2,6.6
2025-08-31,METROPOLITANA DE SANTIAGO,12.4,8.4,3.6
2025-09-01,METROPOLITANA DE SANTIAGO,17.6,6.3,0.0
2025-09-02,METROPOLITANA DE SANTIAGO,12.8,8.4,0.2
2025-09-03,METROPOLITANA DE SANTIAGO,15.2,6.9,0.0
2025-09-04,METROPOLITANA DE SANTIAGO,18.3,4.1,0.0
2025-09-05,METROPOLITANA DE SANTIAGO,18.4,7.4,0.0
2025-09-06,METROPOLITANA DE SANTIAGO,14.6,7.8,0.0
2025-09-07,METROPOLITANA DE SANTIAGO,12.1,7.2,0.0
2025-09-08,METROPOLITANA DE SANTIAGO,16.6,6.8,0.0
2025-09-09,METROPOLITANA DE SANTIAGO,22.6,8.3,0.0
2025-09-10,METROPOLITANA DE SANTIAGO,21.4,9.4,0.1
2025-09-11,METROPOLITANA DE SANTIAGO,25.0,9.4,0.0
2025-09-12,METROPOLITANA DE SANTIAGO,24.5,11.3,0.0
2025-09-13,METROPOLITANA DE SANTIAGO,19.3,9.0,0.0
2025-09-14,METROPOLITANA DE SANTIAGO,19.7,10.0,0.0
2025-09-15,METROPOLITANA DE SANTIAGO,24.7,9.6,0.0
2025-09-16,METROPOLITANA DE SANTIAGO,25.2,11.8,0.0
2025-09-17,METROPOLITANA DE SANTIAGO,20.5,9.4,0.0
2025-09-18,METROPOLITANA DE SANTIAGO,21.8,8.6,0.0
2025-09-19,METROPOLITANA DE SANTIAGO,22.9,9.5,0.0
2025-09-20,METROPOLITANA DE SANTIAGO,13.8,7.8,1.9
2025-09-21,METROPOLITANA DE SANTIAGO,14.1,6.6,3.9
2025-09-22,METROPOLITANA DE SANTIAGO,19.6,4.5,0.0
2025-09-23,METROPOLITANA DE SANTIAGO,20.9,9.8,0.0
2025-09-24,METROPOLITANA DE SANTIAGO,24.7,10.8,0.0
2025-09-25,METROPOLITANA DE SANTIAGO,23.2,12.4,0.1
2025-09-26,METROPOLITANA DE SANTIAGO,15.4,5.4,9.0
2025-09-27,METROPOLITANA DE SANTIAGO,19.0,4.7,0.0
2025-09-28,METROPOLITANA DE SANTIAGO,21.6,9.5,0.0
2025-09-29,METROPOLITANA DE SANTIAGO,19.8,10.4,0.0
2025-09-30,METROPOLITANA DE SANTIAGO,24.3,11.7,0.1
2025-10-01,METROPOLITANA DE SANTIAGO,27.2,11.2,0.0
2025-10-02,METROPOLITANA DE SANTIAGO,29.1,12.9,0.0
2025-10-03,METROPOLITANA DE SANTIAGO,23.2,12.0,0.0
2025-10-04,METROPOLITANA DE SANTIAGO,18.1,10.6,1.5
2025-10-05,METROPOLITANA DE SANTIAGO,15.1,8.0,9.1
2025-10-06,METROPOLITANA DE SANTIAGO,20.5,5.2,0.0
2025-10-07,METROPOLITANA DE SANTIAGO,23.5,7.6,0.0
2025-10-08,METROPOLITANA DE SANTIAGO,27.4,10.1,0.0
2025-10-09,METROPOLITANA DE SANTIAGO,26.5,12.3,0.0
2025-10-10,METROPOLITANA DE SANTIAGO,22.1,10.3,0.0
2025-10-11,METROPOLITANA DE SANTIAGO,21.4,9.2,0.0
2025-10-12,METROPOLITANA DE SANTIAGO,25.8,9.2,0.0
2025-10-13,METROPOLITANA DE SANTIAGO,26.2,10.2,0.0
2025-10-14,METROPOLITANA DE SANTIAGO,24.2,11.0,0.0
2025-10-15,METROPOLITANA DE SANTIAGO,21.7,9.4,0.0
2025-10-16,METROPOLITANA DE SANTIAGO,25.1,11.9,0.0
2025-10-17,METROPOLITANA DE SANTIAGO,27.9,12.3,0.0
2025-10-18,METROPOLITANA DE SANTIAGO,30.4,13.2,0.0
2025-10-19,METROPOLITANA DE SANTIAGO,25.6,12.8,0.0
2025-10-20,METROPOLITANA DE SANTIAGO,26.7,9.8,0.0
2025-10-21,METROPOLITANA DE SANTIAGO,22.5,12.8,0.0
2025-10-22,METROPOLITANA DE SANTIAGO,27.5,11.6,0.0
2025-10-23,METROPOLITANA DE SANTIAGO,19.4,11.0,0.0
2025-10-24,METROPOLITANA DE SANTIAGO,20.6,10.1,1.5
2025-10-25,METROPOLITANA DE SANTIAGO,23.0,8.6,0.0
2025-10-26,METROPOLITANA DE SANTIAGO,26.1,11.1,0.0
2025-10-27,METROPOLITANA DE SANTIAGO,24.4,13.4,0.0
2025-10-28,METROPOLITANA DE SANTIAGO,26.9,11.9,0.0
2025-10-29,METROPOLITANA DE SANTIAGO,26.5,13.1,0.6
2025-10-30,METROPOLITANA DE SANTIAGO,28.0,12.9,0.0
2025-10-31,METROPOLITANA DE SANTIAGO,22.9,10.9,0.6
2025-11-01,METROPOLITANA DE SANTIAGO,24.1,8.9,0.0
2025-11-02,METROPOLITANA DE SANTIAGO,27.3,11.4,0.0
2025-11-03,METROPOLITANA DE SANTIAGO,21.6,11.4,0.0
2025-11-04,METROPOLITANA DE SANTIAGO,25.0,11.2,0.0
2025-11-05,METROPOLITANA DE SANTIAGO,25.5,10.4,0.0
2025-11-06,METROPOLITANA DE SANTIAGO,17.5,10.6,24.1
2025-11-07,METROPOLITANA DE SANTIAGO,22.2,7.7,4.4
2025-11-08,METROPOLITANA DE SANTIAGO,22.5,10.1,0.0
2025-11-09,METROPOLITANA DE SANTIAGO,24.1,10.8,0.0
2025-11-10,METROPOLITANA DE SANTIAGO,24.1,9.6,0.0
2025-11-11,METROPOLITANA DE SANTIAGO,23.9,9.4,0.0
2025-11-12,METROPOLITANA DE SANTIAGO,27.5,11.3,0.0
2025-11-13,METROPOLITANA DE SANTIAGO,29.6,14.2,0.0
2025-11-14,METROPOLITANA DE SANTIAGO,27.4,14.6,0.0
2025-11-15,METROPOLITANA DE SANTIAGO,25.2,10.4,0.0
2025-11-16,METROPOLITANA DE SANTIAGO,26.1,13.2,0.0
2025-11-17,METROPOLITANA DE SANTIAGO,31.5,14.4,0.0
2025-11-18,METROPOLITANA DE SANTIAGO,30.4,16.4,0.0
2025-11-19,METROPOLITANA DE SANTIAGO,28.0,15.2,0.0
2025-11-20,METROPOLITANA DE SANTIAGO,23.0,14.4,0.0
2025-11-21,METROPOLITANA DE SANTIAGO,30.2,13.4,0.0
2025-11-22,METROPOLITANA DE SANTIAGO,29.9,15.1,0.0
2025-11-23,METROPOLITANA DE SANTIAGO,27.4,14.4,0.0
2025-11-24,METROPOLITANA DE SANTIAGO,27.0,13.0,0.0
2025-11-25,METROPOLITANA DE SANTIAGO,24.6,12.5,0.0
2025-11-26,METROPOLITANA DE SANTIAGO,25.4,12.4,0.0
2025-11-27,METROPOLITANA DE SANTIAGO,28.1,11.8,0.0
2025-11-28,METROPOLITANA DE SANTIAGO,25.0,11.2,0.0
2025-11-29,METROPOLITANA DE SANTIAGO,25.1,11.2,0.0
2025-11-30,METROPOLITANA DE SANTIAGO,24.6,11.6,0.0
2025-12-01,METROPOLITANA DE SANTIAGO,28.5,12.2,0.0
2025-12-02,METROPOLITANA DE SANTIAGO,30.1,14.9,0.0
2025-12-03,METROPOLITANA DE SANTIAGO,31.5,15.9,0.0
2025-12-04,METROPOLITANA DE SANTIAGO,27.6,15.8,0.0
2025-12-05,METROPOLITANA DE SANTIAGO,30.5,14.9,0.0
2025-12-06,METROPOLITANA DE SANTIAGO,24.8,17.1,1.4
2025-12-07,METROPOLITANA DE SANTIAGO,26.8,14.8,0.2
2025-12-08,METROPOLITANA DE SANTIAGO,32.5,14.8,0.0
2025-12-09,METROPOLITANA DE SANTIAGO,26.9,14.9,0.0
2025-12-10,METROPOLITANA DE SANTIAGO,25.6,13.1,0.0
2025-12-11,METROPOLITANA DE SANTIAGO,23.6,14.4,0.1
2025-12-12,METROPOLITANA DE SANTIAGO,26.8,13.4,0.0
2025-12-13,METROPOLITANA DE SANTIAGO,24.6,13.0,0.0
2025-12-14,METROPOLITANA DE SANTIAGO,18.9,13.4,1.0
2025-12-15,METROPOLITANA DE SANTIAGO,28.5,10.9,0.0
2025-12-16,METROPOLITANA DE SANTIAGO,33.4,15.0,0.0
2025-12-17,METROPOLITANA DE SANTIAGO,27.7,17.0,0.0
2025-12-18,METROPOLITANA DE SANTIAGO,29.1,14.7,0.0
2025-12-19,METROPOLITANA DE SANTIAGO,26.8,14.2,0.0
2025-12-20,METROPOLITANA DE SANTIAGO,24.8,13.3,0.0
2025-12-21,METROPOLITANA DE SANTIAGO,26.5,13.6,0.2
2025-12-22,METROPOLITANA DE SANTIAGO,28.1,13.9,0.0
2025-12-23,METROPOLITANA DE SANTIAGO,30.8,13.9,0.0
2025-12-24,METROPOLITANA DE SANTIAGO,30.6,15.2,0.0
2025-12-25,METROPOLITANA DE SANTIAGO,32.8,17.2,0.0
2025-12-26,METROPOLITANA DE SANTIAGO,28.0,14.3,0.0
2025-12-27,METROPOLITANA DE SANTIAGO,30.9,14.9,0.0
2025-12-28,METROPOLITANA DE SANTIAGO,31.2,16.6,0.0
2025-12-29,METROPOLITANA DE SANTIAGO,32.5,17.7,0.0
2025-12-30,METROPOLITANA DE SANTIAGO,33.7,17.5,0.0
2025-12-31,METROPOLITANA DE SANTIAGO,33.2,18.6,0.0
2026-01-01,METROPOLITANA DE SANTIAGO,31.2,17.5,0.0
2026-01-02,METROPOLITANA DE SANTIAGO,28.1,16.2,0.0
2026-01-03,METROPOLITANA DE SANTIAGO,27.3,14.5,0.0
2026-01-04,METROPOLITANA DE SANTIAGO,24.4,13.4,0.0
2026-01-05,METROPOLITANA DE SANTIAGO,23.1,13.9,0.0
2026-01-06,METROPOLITANA DE SANTIAGO,28.1,14.3,0.0
2026-01-07,METROPOLITANA DE SANTIAGO,29.6,15.5,0.1
2026-01-08,METROPOLITANA DE SANTIAGO,24.8,14.9,0.4
2026-01-09,METROPOLITANA DE SANTIAGO,32.0,16.5,0.0
2026-01-10,METROPOLITANA DE SANTIAGO,33.2,17.0,0.0
2026-01-11,METROPOLITANA DE SANTIAGO,32.7,16.9,0.0
2026-01-12,METROPOLITANA DE SANTIAGO,29.5,17.0,0.0
2026-01-13,METROPOLITANA DE SANTIAGO,32.2,16.8,0.0
2026-01-14,METROPOLITANA DE SANTIAGO,26.8,17.0,0.0
2026-01-15,METROPOLITANA DE SANTIAGO,28.9,13.3,0.0
2026-01-16,METROPOLITANA DE SANTIAGO,32.2,16.7,0.0
2026-01-17,METROPOLITANA DE SANTIAGO,33.5,17.8,0.0
2026-01-18,METROPOLITANA DE SANTIAGO,32.7,19.4,0.0
2026-01-19,METROPOLITANA DE SANTIAGO,30.6,17.3,0.0
2026-01-20,METROPOLITANA DE SANTIAGO,28.9,16.5,0.0
2026-01-21,METROPOLITANA DE SANTIAGO,26.1,16.2,0.0
2026-01-22,METROPOLITANA DE SANTIAGO,30.5,16.1,0.0
2026-01-23,METROPOLITANA DE SANTIAGO,30.4,17.9,0.0
2026-01-24,METROPOLITANA DE SANTIAGO,29.6,16.5,0.0
2026-01-25,METROPOLITANA DE SANTIAGO,25.5,15.1,0.2
2026-01-26,METROPOLITANA DE SANTIAGO,28.0,13.9,0.0
2026-01-27,METROPOLITANA DE SANTIAGO,30.5,13.7,0.0
2026-01-28,METROPOLITANA DE SANTIAGO,33.7,16.4,0.0
2026-01-29,METROPOLITANA DE SANTIAGO,30.7,18.9,0.0
2026-01-30,METROPOLITANA DE SANTIAGO,30.6,16.2,0.0
2026-01-31,METROPOLITANA DE SANTIAGO,26.4,15.4,0.7
2026-02-01,METROPOLITANA DE SANTIAGO,28.2,16.3,0.0
2026-02-02,METROPOLITANA DE SANTIAGO,28.2,16.8,0.0
2026-02-03,METROPOLITANA DE SANTIAGO,28.5,15.6,0.0
2026-02-04,METROPOLITANA DE SANTIAGO,29.1,15.6,0.0
2026-02-05,METROPOLITANA DE SANTIAGO,29.1,15.7,0.0
2026-02-06,METROPOLITANA DE SANTIAGO,32.3,17.1,0.0
2026-02-07,METROPOLITANA DE SANTIAGO,33.2,17.8,0.0
2026-02-08,METROPOLITANA DE SANTIAGO,29.4,15.2,0.0
2026-02-09,METROPOLITANA DE SANTIAGO,29.6,13.9,0.0
2026-02-10,METROPOLITANA DE SANTIAGO,29.2,15.9,0.0
2026-02-11,METROPOLITANA DE SANTIAGO,30.2,13.8,0.0
2026-02-12,METROPOLITANA DE SANTIAGO,31.0,15.1,0.0
2026-02-13,METROPOLITANA DE SANTIAGO,33.0,16.5,0.0
2026-02-14,METROPOLITANA DE SANTIAGO,28.0,17.0,0.0
2026-02-15,METROPOLITANA DE SANTIAGO,30.8,14.6,0.0
2026-02-16,METROPOLITANA DE SANTIAGO,31.4,14.6,0.0
2026-02-17,METROPOLITANA DE SANTIAGO,31.8,15.8,0.0
2026-02-18,METROPOLITANA DE SANTIAGO,30.9,17.5,0.0
2026-02-19,METROPOLITANA DE SANTIAGO,33.0,16.3,0.0
2026-02-20,METROPOLITANA DE SANTIAGO,29.2,17.0,0.0
2026-02-21,METROPOLITANA DE SANTIAGO,31.7,14.5,0.0
2026-02-22,METROPOLITANA DE SANTIAGO,32.0,17.0,0.0
2026-02-23,METROPOLITANA DE SANTIAGO,31.5,17.1,0.0
2026-02-24,METROPOLITANA DE SANTIAGO,32.5,18.0,0.0
2026-02-25,METROPOLITANA DE SANTIAGO,30.4,17.0,0.0
2026-02-26,METROPOLITANA DE SANTIAGO,30.3,15.8,0.0
2026-02-27,METROPOLITANA DE SANTIAGO,29.1,16.4,0.0
2026-02-28,METROPOLITANA DE SANTIAGO,32.0,14.6,0.0
2026-03-01,METROPOLITANA DE SANTIAGO,31.2,16.1,0.0
2026-03-02,METROPOLITANA DE SANTIAGO,27.5,15.4,0.0
2026-03-03,METROPOLITANA DE SANTIAGO,29.8,14.9,0.0
2026-03-04,METROPOLITANA DE SANTIAGO,32.2,16.0,0.0
2026-03-05,METROPOLITANA DE SANTIAGO,30.2,17.1,0.0
2026-03-06,METROPOLITANA DE SANTIAGO,32.0,15.9,0.0
2026-03-07,METROPOLITANA DE SANTIAGO,25.9,15.4,0.0
2026-03-08,METROPOLITANA DE SANTIAGO,27.0,14.3,0.7
2026-03-09,METROPOLITANA DE SANTIAGO,30.4,14.9,0.0
2026-03-10,METROPOLITANA DE SANTIAGO,31.2,17.4,0.0
2026-03-11,METROPOLITANA DE SANTIAGO,28.9,15.9,0.0
2026-03-12,METROPOLITANA DE SANTIAGO,30.0,16.2,0.0
2026-03-13,METROPOLITANA DE SANTIAGO,28.4,14.8,0.0
2026-03-14,METROPOLITANA DE SANTIAGO,26.9,13.9,0.0
2026-03-15,METROPOLITANA DE SANTIAGO,27.0,14.4,0.0
2026-03-16,METROPOLITANA DE SANTIAGO,25.8,14.9,0.5
2026-03-17,METROPOLITANA DE SANTIAGO,28.1,13.6,0.2
2026-03-18,METROPOLITANA DE SANTIAGO,29.4,14.6,0.0
2026-03-19,METROPOLITANA DE SANTIAGO,25.5,12.6,0.0
2026-03-20,METROPOLITANA DE SANTIAGO,20.5,12.0,8.1
2026-03-21,METROPOLITANA DE SANTIAGO,21.0,10.1,0.2
2026-03-22,METROPOLITANA DE SANTIAGO,15.5,10.8,1.9
2026-03-23,METROPOLITANA DE SANTIAGO,24.0,7.0,0.0
2026-03-24,METROPOLITANA DE SANTIAGO,24.8,12.1,0.0
2026-03-25,METROPOLITANA DE SANTIAGO,26.1,12.4,0.0
2026-03-26,METROPOLITANA DE SANTIAGO,26.0,11.9,0.0
2026-03-27,METROPOLITANA DE SANTIAGO,26.7,12.2,0.0
2026-03-28,METROPOLITANA DE SANTIAGO,24.4,11.9,0.0
2026-03-29,METROPOLITANA DE SANTIAGO,28.1,12.0,0.0
2026-03-30,METROPOLITANA DE SANTIAGO,28.0,14.1,0.0
2026-03-31,METROPOLITANA DE SANTIAGO,28.5,13.6,0.0
2026-04-01,METROPOLITANA DE SANTIAGO,26.5,14.1,0.0
2026-04-02,METROPOLITANA DE SANTIAGO,27.0,13.4,0.0
2026-04-03,METROPOLITANA DE SANTIAGO,29.1,13.1,0.0
2026-04-04,METROPOLITANA DE SANTIAGO,30.2,15.6,0.0
2026-04-05,METROPOLITANA DE SANTIAGO,24.5,12.8,0.0
2026-04-06,METROPOLITANA DE SANTIAGO,24.4,10.9,0.0
2026-04-07,METROPOLITANA DE SANTIAGO,28.8,12.4,0.0
2026-04-08,METROPOLITANA DE SANTIAGO,26.2,13.0,0.0
2026-04-09,METROPOLITANA DE SANTIAGO,24.2,11.1,0.0
2026-04-10,METROPOLITANA DE SANTIAGO,20.0,10.1,0.0
2026-04-11,METROPOLITANA DE SANTIAGO,22.6,10.2,0.0
2026-04-12,METROPOLITANA DE SANTIAGO,24.2,11.1,0.0
2026-04-13,METROPOLITANA DE SANTIAGO,25.1,12.0,0.0
2026-04-14,METROPOLITANA DE SANTIAGO,18.2,9.6,0.3
2026-04-15,METROPOLITANA DE SANTIAGO,28.4,10.6,0.0
2026-04-16,METROPOLITANA DE SANTIAGO,25.5,13.1,0.0
2026-04-17,METROPOLITANA DE SANTIAGO,23.7,14.9,0.0
2026-04-18,METROPOLITANA DE SANTIAGO,23.0,14.1,0.0
2026-04-19,METROPOLITANA DE SANTIAGO,23.8,13.1,0.0
2026-04-20,METROPOLITANA DE SANTIAGO,14.0,10.6,4.4
2026-04-21,METROPOLITANA DE SANTIAGO,21.5,9.6,0.0
2026-04-22,METROPOLITANA DE SANTIAGO,21.9,9.2,0.0
2026-04-23,METROPOLITANA DE SANTIAGO,22.4,9.6,0.0
2026-04-24,METROPOLITANA DE SANTIAGO,20.6,9.2,0.0
2026-04-25,METROPOLITANA DE SANTIAGO,21.2,9.0,0.0
2026-04-26,METROPOLITANA DE SANTIAGO,21.8,8.1,0.0
2026-04-27,METROPOLITANA DE SANTIAGO,21.8,9.2,0.4
2026-04-28,METROPOLITANA DE SANTIAGO,24.0,11.6,0.0
2026-04-29,METROPOLITANA DE SANTIAGO,24.8,11.8,0.0
2026-04-30,METROPOLITANA DE SANTIAGO,22.0,12.4,0.0
2026-05-01,METROPOLITANA DE SANTIAGO,17.9,8.9,0.0
2026-05-02,METROPOLITANA DE SANTIAGO,26.2,10.7,0.0
2026-05-03,METROPOLITANA DE SANTIAGO,23.9,11.9,0.0
2026-05-04,METROPOLITANA DE SANTIAGO,22.2,11.8,0.0
2026-05-05,METROPOLITANA DE SANTIAGO,25.0,11.7,0.0
2026-05-06,METROPOLITANA DE SANTIAGO,18.6,10.1,27.7
2026-05-07,METROPOLITANA DE SANTIAGO,15.3,8.4,0.5
2026-05-08,METROPOLITANA DE SANTIAGO,16.1,6.9,0.0
2026-05-09,METROPOLITANA DE SANTIAGO,17.7,5.3,0.0
2026-05-10,METROPOLITANA DE SANTIAGO,23.0,8.1,0.0
2026-05-11,METROPOLITANA DE SANTIAGO,22.0,10.5,0.0
2026-05-12,METROPOLITANA DE SANTIAGO,16.8,8.6,0.0
2026-05-13,METROPOLITANA DE SANTIAGO,18.3,8.0,0.0
2026-05-14,METROPOLITANA DE SANTIAGO,22.1,11.4,0.0
2026-05-15,METROPOLITANA DE SANTIAGO,18.5,11.1,0.0
2026-05-16,METROPOLITANA DE SANTIAGO,17.1,7.8,0.4
2026-05-17,METROPOLITANA DE SANTIAGO,19.8,5.5,0.0
2026-05-18,METROPOLITANA DE SANTIAGO,21.9,7.9,0.0
2026-05-19,METROPOLITANA DE SANTIAGO,20.0,7.5,0.0
2026-05-20,METROPOLITANA DE SANTIAGO,15.6,6.0,0.0
2026-05-21,METROPOLITANA DE SANTIAGO,13.0,5.3,0.0
2026-05-22,METROPOLITANA DE SANTIAGO,14.9,5.0,0.0
2026-05-23,METROPOLITANA DE SANTIAGO,10.4,4.9,0.0
2026-05-24,METROPOLITANA DE SANTIAGO,13.9,3.3,0.0
2026-05-25,METROPOLITANA DE SANTIAGO,21.1,6.1,0.0
2026-05-26,METROPOLITANA DE SANTIAGO,24.5,9.9,0.0
2026-05-27,METROPOLITANA DE SANTIAGO,16.0,6.2,0.0
2026-05-28,METROPOLITANA DE SANTIAGO,17.4,8.1,0.0
2026-05-29,METROPOLITANA DE SANTIAGO,21.1,7.9,0.0
2026-05-30,METROPOLITANA DE SANTIAGO,23.9,10.2,0.0
2026-05-31,METROPOLITANA DE SANTIAGO,13.9,7.8,0.0
2026-06-01,METROPOLITANA DE SANTIAGO,14.9,8.2,0.0
2026-06-02,METROPOLITANA DE SANTIAGO,20.0,9.6,0.0
2026-06-03,METROPOLITANA DE SANTIAGO,17.5,9.8,0.0
2026-06-04,METROPOLITANA DE SANTIAGO,22.9,11.4,0.0
2026-06-05,METROPOLITANA DE SANTIAGO,15.2,8.7,0.0
2026-06-06,METROPOLITANA DE SANTIAGO,16.0,6.7,0.0
2026-06-07,METROPOLITANA DE SANTIAGO,17.9,5.0,0.0
2026-06-08,METROPOLITANA DE SANTIAGO,19.1,6.5,0.0
2026-06-09,METROPOLITANA DE SANTIAGO,12.1,7.7,0.1
2026-06-10,METROPOLITANA DE SANTIAGO,10.4,7.7,6.9
2026-06-11,METROPOLITANA DE SANTIAGO,16.8,3.0,0.0
2023-01-01,LIBERTADOR GENERAL BERNARDO O'HIGGINS,29.2,13.7,0.0
2023-01-02,LIBERTADOR GENERAL BERNARDO O'HIGGINS,30.6,13.5,0.0
2023-01-03,LIBERTADOR GENERAL BERNARDO O'HIGGINS,32.3,13.5,0.0
2023-01-04,LIBERTADOR GENERAL BERNARDO O'HIGGINS,29.2,16.0,0.0
2023-01-05,LIBERTADOR GENERAL BERNARDO O'HIGGINS,27.2,15.2,0.0
2023-01-06,LIBERTADOR GENERAL BERNARDO O'HIGGINS,28.6,13.9,0.0
2023-01-07,LIBERTADOR GENERAL BERNARDO O'HIGGINS,30.4,14.8,0.0
2023-01-08,LIBERTADOR GENERAL BERNARDO O'HIGGINS,30.6,15.1,0.0
2023-01-09,LIBERTADOR GENERAL BERNARDO O'HIGGINS,28.0,13.4,11.2
2023-01-10,LIBERTADOR GENERAL BERNARDO O'HIGGINS,29.2,14.1,0.1
2023-01-11,LIBERTADOR GENERAL BERNARDO O'HIGGINS,31.4,14.9,0.0
2023-01-12,LIBERTADOR GENERAL BERNARDO O'HIGGINS,29.9,12.6,0.0
2023-01-13,LIBERTADOR GENERAL BERNARDO O'HIGGINS,31.5,13.1,0.0
2023-01-14,LIBERTADOR GENERAL BERNARDO O'HIGGINS,28.1,10.9,0.0
2023-01-15,LIBERTADOR GENERAL BERNARDO O'HIGGINS,32.1,12.8,0.0
2023-01-16,LIBERTADOR GENERAL BERNARDO O'HIGGINS,27.9,12.6,0.0
2023-01-17,LIBERTADOR GENERAL BERNARDO O'HIGGINS,27.5,10.4,0.0
2023-01-18,LIBERTADOR GENERAL BERNARDO O'HIGGINS,29.4,12.9,0.0
2023-01-19,LIBERTADOR GENERAL BERNARDO O'HIGGINS,24.1,12.6,0.0
2023-01-20,LIBERTADOR GENERAL BERNARDO O'HIGGINS,28.5,13.0,0.0
2023-01-21,LIBERTADOR GENERAL BERNARDO O'HIGGINS,31.1,13.1,0.0
2023-01-22,LIBERTADOR GENERAL BERNARDO O'HIGGINS,34.2,12.8,0.0
2023-01-23,LIBERTADOR GENERAL BERNARDO O'HIGGINS,30.5,13.6,0.0
2023-01-24,LIBERTADOR GENERAL BERNARDO O'HIGGINS,32.0,12.2,0.0
2023-01-25,LIBERTADOR GENERAL BERNARDO O'HIGGINS,31.3,13.8,0.0
2023-01-26,LIBERTADOR GENERAL BERNARDO O'HIGGINS,28.9,11.6,0.0
2023-01-27,LIBERTADOR GENERAL BERNARDO O'HIGGINS,32.8,13.6,0.0
2023-01-28,LIBERTADOR GENERAL BERNARDO O'HIGGINS,35.2,15.4,0.0
2023-01-29,LIBERTADOR GENERAL BERNARDO O'HIGGINS,31.1,15.1,0.0
2023-01-30,LIBERTADOR GENERAL BERNARDO O'HIGGINS,31.9,13.9,0.0
2023-01-31,LIBERTADOR GENERAL BERNARDO O'HIGGINS,31.5,15.8,0.0
2023-02-01,LIBERTADOR GENERAL BERNARDO O'HIGGINS,33.6,11.9,0.0
2023-02-02,LIBERTADOR GENERAL BERNARDO O'HIGGINS,36.1,15.7,0.0
2023-02-03,LIBERTADOR GENERAL BERNARDO O'HIGGINS,29.8,16.8,0.0
2023-02-04,LIBERTADOR GENERAL BERNARDO O'HIGGINS,30.2,14.3,0.0
2023-02-05,LIBERTADOR GENERAL BERNARDO O'HIGGINS,32.0,15.7,0.0
2023-02-06,LIBERTADOR GENERAL BERNARDO O'HIGGINS,33.0,15.4,0.0
2023-02-07,LIBERTADOR GENERAL BERNARDO O'HIGGINS,32.4,16.0,0.0
2023-02-08,LIBERTADOR GENERAL BERNARDO O'HIGGINS,34.3,15.9,0.0
2023-02-09,LIBERTADOR GENERAL BERNARDO O'HIGGINS,37.0,15.9,0.0
2023-02-10,LIBERTADOR GENERAL BERNARDO O'HIGGINS,36.2,17.9,0.0
2023-02-11,LIBERTADOR GENERAL BERNARDO O'HIGGINS,35.2,17.9,0.0
2023-02-12,LIBERTADOR GENERAL BERNARDO O'HIGGINS,31.2,16.2,0.0
2023-02-13,LIBERTADOR GENERAL BERNARDO O'HIGGINS,32.1,13.6,0.0
2023-02-14,LIBERTADOR GENERAL BERNARDO O'HIGGINS,32.2,13.9,0.0
2023-02-15,LIBERTADOR GENERAL BERNARDO O'HIGGINS,34.1,16.5,0.0
2023-02-16,LIBERTADOR GENERAL BERNARDO O'HIGGINS,30.1,13.8,0.0
2023-02-17,LIBERTADOR GENERAL BERNARDO O'HIGGINS,32.0,13.4,0.0
2023-02-18,LIBERTADOR GENERAL BERNARDO O'HIGGINS,31.1,15.7,0.0
2023-02-19,LIBERTADOR GENERAL BERNARDO O'HIGGINS,33.2,16.9,0.0
2023-02-20,LIBERTADOR GENERAL BERNARDO O'HIGGINS,34.4,16.5,0.0
2023-02-21,LIBERTADOR GENERAL BERNARDO O'HIGGINS,33.9,16.2,0.0
2023-02-22,LIBERTADOR GENERAL BERNARDO O'HIGGINS,30.2,13.9,0.0
2023-02-23,LIBERTADOR GENERAL BERNARDO O'HIGGINS,33.3,13.4,0.0
2023-02-24,LIBERTADOR GENERAL BERNARDO O'HIGGINS,27.2,13.4,0.0
2023-02-25,LIBERTADOR GENERAL BERNARDO O'HIGGINS,30.6,13.4,0.0
2023-02-26,LIBERTADOR GENERAL BERNARDO O'HIGGINS,32.8,14.1,0.0
2023-02-27,LIBERTADOR GENERAL BERNARDO O'HIGGINS,32.9,13.5,0.0
2023-02-28,LIBERTADOR GENERAL BERNARDO O'HIGGINS,32.5,12.7,0.0
2023-03-01,LIBERTADOR GENERAL BERNARDO O'HIGGINS,32.2,14.9,0.0
2023-03-02,LIBERTADOR GENERAL BERNARDO O'HIGGINS,33.2,15.0,0.0
2023-03-03,LIBERTADOR GENERAL BERNARDO O'HIGGINS,29.1,12.9,0.0
2023-03-04,LIBERTADOR GENERAL BERNARDO O'HIGGINS,34.0,14.9,0.0
2023-03-05,LIBERTADOR GENERAL BERNARDO O'HIGGINS,29.5,16.2,0.0
2023-03-06,LIBERTADOR GENERAL BERNARDO O'HIGGINS,27.1,12.7,0.0
2023-03-07,LIBERTADOR GENERAL BERNARDO O'HIGGINS,29.9,13.0,0.0
2023-03-08,LIBERTADOR GENERAL BERNARDO O'HIGGINS,28.6,13.9,0.0
2023-03-09,LIBERTADOR GENERAL BERNARDO O'HIGGINS,29.4,12.9,0.0
2023-03-10,LIBERTADOR GENERAL BERNARDO O'HIGGINS,28.9,12.7,0.0
2023-03-11,LIBERTADOR GENERAL BERNARDO O'HIGGINS,28.2,12.2,0.0
2023-03-12,LIBERTADOR GENERAL BERNARDO O'HIGGINS,28.0,13.1,0.0
2023-03-13,LIBERTADOR GENERAL BERNARDO O'HIGGINS,28.5,14.0,0.0
2023-03-14,LIBERTADOR GENERAL BERNARDO O'HIGGINS,29.1,14.0,0.0
2023-03-15,LIBERTADOR GENERAL BERNARDO O'HIGGINS,29.5,13.5,0.0
2023-03-16,LIBERTADOR GENERAL BERNARDO O'HIGGINS,29.7,14.4,0.0
2023-03-17,LIBERTADOR GENERAL BERNARDO O'HIGGINS,29.5,14.1,0.0
2023-03-18,LIBERTADOR GENERAL BERNARDO O'HIGGINS,32.2,13.6,0.0
2023-03-19,LIBERTADOR GENERAL BERNARDO O'HIGGINS,32.6,16.5,0.0
2023-03-20,LIBERTADOR GENERAL BERNARDO O'HIGGINS,29.5,14.9,0.0
2023-03-21,LIBERTADOR GENERAL BERNARDO O'HIGGINS,30.9,13.7,0.0
2023-03-22,LIBERTADOR GENERAL BERNARDO O'HIGGINS,33.2,13.1,0.0
2023-03-23,LIBERTADOR GENERAL BERNARDO O'HIGGINS,33.3,13.6,0.0
2023-03-24,LIBERTADOR GENERAL BERNARDO O'HIGGINS,33.8,14.6,0.0
2023-03-25,LIBERTADOR GENERAL BERNARDO O'HIGGINS,32.2,12.9,0.0
2023-03-26,LIBERTADOR GENERAL BERNARDO O'HIGGINS,28.0,13.1,0.0
2023-03-27,LIBERTADOR GENERAL BERNARDO O'HIGGINS,26.7,12.5,0.0
2023-03-28,LIBERTADOR GENERAL BERNARDO O'HIGGINS,28.0,9.8,0.0
2023-03-29,LIBERTADOR GENERAL BERNARDO O'HIGGINS,26.9,13.9,0.0
2023-03-30,LIBERTADOR GENERAL BERNARDO O'HIGGINS,28.4,10.2,0.0
2023-03-31,LIBERTADOR GENERAL BERNARDO O'HIGGINS,32.0,9.9,0.0
2023-04-01,LIBERTADOR GENERAL BERNARDO O'HIGGINS,29.7,12.9,0.0
2023-04-02,LIBERTADOR GENERAL BERNARDO O'HIGGINS,29.0,13.9,0.0
2023-04-03,LIBERTADOR GENERAL BERNARDO O'HIGGINS,29.0,11.8,0.0
2023-04-04,LIBERTADOR GENERAL BERNARDO O'HIGGINS,30.2,11.0,0.0
2023-04-05,LIBERTADOR GENERAL BERNARDO O'HIGGINS,24.5,10.3,0.0
2023-04-06,LIBERTADOR GENERAL BERNARDO O'HIGGINS,29.1,11.6,0.0
2023-04-07,LIBERTADOR GENERAL BERNARDO O'HIGGINS,30.5,11.6,0.0
2023-04-08,LIBERTADOR GENERAL BERNARDO O'HIGGINS,29.7,10.3,0.0
2023-04-09,LIBERTADOR GENERAL BERNARDO O'HIGGINS,28.4,9.7,0.0
2023-04-10,LIBERTADOR GENERAL BERNARDO O'HIGGINS,29.1,12.0,0.0
2023-04-11,LIBERTADOR GENERAL BERNARDO O'HIGGINS,26.6,12.9,0.0
2023-04-12,LIBERTADOR GENERAL BERNARDO O'HIGGINS,20.4,11.9,0.0
2023-04-13,LIBERTADOR GENERAL BERNARDO O'HIGGINS,22.5,11.8,0.0
2023-04-14,LIBERTADOR GENERAL BERNARDO O'HIGGINS,21.0,10.9,0.0
2023-04-15,LIBERTADOR GENERAL BERNARDO O'HIGGINS,22.8,10.0,0.0
2023-04-16,LIBERTADOR GENERAL BERNARDO O'HIGGINS,22.0,9.6,0.0
2023-04-17,LIBERTADOR GENERAL BERNARDO O'HIGGINS,20.4,10.0,0.0
2023-04-18,LIBERTADOR GENERAL BERNARDO O'HIGGINS,20.9,6.3,0.0
2023-04-19,LIBERTADOR GENERAL BERNARDO O'HIGGINS,25.3,6.8,0.0
2023-04-20,LIBERTADOR GENERAL BERNARDO O'HIGGINS,20.2,8.6,0.0
2023-04-21,LIBERTADOR GENERAL BERNARDO O'HIGGINS,21.8,12.1,0.0
2023-04-22,LIBERTADOR GENERAL BERNARDO O'HIGGINS,23.9,10.6,0.0
2023-04-23,LIBERTADOR GENERAL BERNARDO O'HIGGINS,22.0,10.6,0.0
2023-04-24,LIBERTADOR GENERAL BERNARDO O'HIGGINS,21.3,10.7,0.0
2023-04-25,LIBERTADOR GENERAL BERNARDO O'HIGGINS,21.0,9.4,0.0
2023-04-26,LIBERTADOR GENERAL BERNARDO O'HIGGINS,22.7,11.6,0.0
2023-04-27,LIBERTADOR GENERAL BERNARDO O'HIGGINS,19.1,10.1,0.0
2023-04-28,LIBERTADOR GENERAL BERNARDO O'HIGGINS,20.9,10.1,23.1
2023-04-29,LIBERTADOR GENERAL BERNARDO O'HIGGINS,17.0,13.4,25.3
2023-04-30,LIBERTADOR GENERAL BERNARDO O'HIGGINS,17.0,10.1,15.6
2023-05-01,LIBERTADOR GENERAL BERNARDO O'HIGGINS,15.6,5.8,0.0
2023-05-02,LIBERTADOR GENERAL BERNARDO O'HIGGINS,17.0,4.2,0.0
2023-05-03,LIBERTADOR GENERAL BERNARDO O'HIGGINS,16.8,5.1,0.0
2023-05-04,LIBERTADOR GENERAL BERNARDO O'HIGGINS,15.1,6.8,0.0
2023-05-05,LIBERTADOR GENERAL BERNARDO O'HIGGINS,16.5,7.5,0.0
2023-05-06,LIBERTADOR GENERAL BERNARDO O'HIGGINS,13.8,6.4,0.1
2023-05-07,LIBERTADOR GENERAL BERNARDO O'HIGGINS,18.0,5.6,0.0
2023-05-08,LIBERTADOR GENERAL BERNARDO O'HIGGINS,20.8,6.6,0.0
2023-05-09,LIBERTADOR GENERAL BERNARDO O'HIGGINS,22.5,7.3,0.0
2023-05-10,LIBERTADOR GENERAL BERNARDO O'HIGGINS,22.3,9.5,0.0
2023-05-11,LIBERTADOR GENERAL BERNARDO O'HIGGINS,22.0,8.6,0.0
2023-05-12,LIBERTADOR GENERAL BERNARDO O'HIGGINS,23.6,9.3,0.0
2023-05-13,LIBERTADOR GENERAL BERNARDO O'HIGGINS,20.9,9.7,0.0
2023-05-14,LIBERTADOR GENERAL BERNARDO O'HIGGINS,17.3,8.6,0.0
2023-05-15,LIBERTADOR GENERAL BERNARDO O'HIGGINS,20.7,11.1,0.0
2023-05-16,LIBERTADOR GENERAL BERNARDO O'HIGGINS,19.7,10.3,0.0
2023-05-17,LIBERTADOR GENERAL BERNARDO O'HIGGINS,18.2,11.8,6.2
2023-05-18,LIBERTADOR GENERAL BERNARDO O'HIGGINS,18.5,8.0,0.0
2023-05-19,LIBERTADOR GENERAL BERNARDO O'HIGGINS,18.0,9.3,0.0
2023-05-20,LIBERTADOR GENERAL BERNARDO O'HIGGINS,16.0,6.7,0.0
2023-05-21,LIBERTADOR GENERAL BERNARDO O'HIGGINS,12.4,6.9,42.9
2023-05-22,LIBERTADOR GENERAL BERNARDO O'HIGGINS,17.5,9.4,14.8
2023-05-23,LIBERTADOR GENERAL BERNARDO O'HIGGINS,15.8,10.8,1.1
2023-05-24,LIBERTADOR GENERAL BERNARDO O'HIGGINS,16.0,9.9,1.5
2023-05-25,LIBERTADOR GENERAL BERNARDO O'HIGGINS,13.8,9.2,0.1
2023-05-26,LIBERTADOR GENERAL BERNARDO O'HIGGINS,15.1,6.2,0.0
2023-05-27,LIBERTADOR GENERAL BERNARDO O'HIGGINS,16.0,5.9,0.0
2023-05-28,LIBERTADOR GENERAL BERNARDO O'HIGGINS,13.2,5.8,0.0
2023-05-29,LIBERTADOR GENERAL BERNARDO O'HIGGINS,19.0,6.2,0.0
2023-05-30,LIBERTADOR GENERAL BERNARDO O'HIGGINS,16.6,8.1,0.0
2023-05-31,LIBERTADOR GENERAL BERNARDO O'HIGGINS,18.8,6.7,0.0
2023-06-01,LIBERTADOR GENERAL BERNARDO O'HIGGINS,15.4,7.4,0.0
2023-06-02,LIBERTADOR GENERAL BERNARDO O'HIGGINS,15.7,8.7,28.8
2023-06-03,LIBERTADOR GENERAL BERNARDO O'HIGGINS,16.8,10.9,2.2
2023-06-04,LIBERTADOR GENERAL BERNARDO O'HIGGINS,17.9,4.9,0.0
2023-06-05,LIBERTADOR GENERAL BERNARDO O'HIGGINS,19.3,6.4,0.0
2023-06-06,LIBERTADOR GENERAL BERNARDO O'HIGGINS,16.9,8.2,0.0
2023-06-07,LIBERTADOR GENERAL BERNARDO O'HIGGINS,17.4,7.8,0.0
2023-06-08,LIBERTADOR GENERAL BERNARDO O'HIGGINS,17.3,9.9,6.8
2023-06-09,LIBERTADOR GENERAL BERNARDO O'HIGGINS,13.7,7.8,16.0
2023-06-10,LIBERTADOR GENERAL BERNARDO O'HIGGINS,13.2,5.1,0.0
2023-06-11,LIBERTADOR GENERAL BERNARDO O'HIGGINS,10.1,0.9,0.0
2023-06-12,LIBERTADOR GENERAL BERNARDO O'HIGGINS,10.6,1.8,0.0
2023-06-13,LIBERTADOR GENERAL BERNARDO O'HIGGINS,11.6,1.9,0.0
2023-06-14,LIBERTADOR GENERAL BERNARDO O'HIGGINS,14.4,0.9,0.0
2023-06-15,LIBERTADOR GENERAL BERNARDO O'HIGGINS,15.9,2.5,0.0
2023-06-16,LIBERTADOR GENERAL BERNARDO O'HIGGINS,16.8,6.2,0.0
2023-06-17,LIBERTADOR GENERAL BERNARDO O'HIGGINS,18.0,6.9,0.0
2023-06-18,LIBERTADOR GENERAL BERNARDO O'HIGGINS,12.2,6.3,0.1
2023-06-19,LIBERTADOR GENERAL BERNARDO O'HIGGINS,16.0,7.6,1.3
2023-06-20,LIBERTADOR GENERAL BERNARDO O'HIGGINS,14.4,6.6,0.0
2023-06-21,LIBERTADOR GENERAL BERNARDO O'HIGGINS,13.9,8.6,6.7
2023-06-22,LIBERTADOR GENERAL BERNARDO O'HIGGINS,14.6,12.0,68.3
2023-06-23,LIBERTADOR GENERAL BERNARDO O'HIGGINS,15.6,13.2,26.8
2023-06-24,LIBERTADOR GENERAL BERNARDO O'HIGGINS,17.2,12.1,14.4
2023-06-25,LIBERTADOR GENERAL BERNARDO O'HIGGINS,15.9,11.8,4.6
2023-06-26,LIBERTADOR GENERAL BERNARDO O'HIGGINS,14.0,10.1,2.3
2023-06-27,LIBERTADOR GENERAL BERNARDO O'HIGGINS,15.3,6.1,2.3
2023-06-28,LIBERTADOR GENERAL BERNARDO O'HIGGINS,13.1,2.3,0.0
2023-06-29,LIBERTADOR GENERAL BERNARDO O'HIGGINS,17.2,3.7,0.0
2023-06-30,LIBERTADOR GENERAL BERNARDO O'HIGGINS,19.5,5.7,0.0
2023-07-01,LIBERTADOR GENERAL BERNARDO O'HIGGINS,14.9,6.6,0.0
2023-07-02,LIBERTADOR GENERAL BERNARDO O'HIGGINS,15.1,8.1,1.4
2023-07-03,LIBERTADOR GENERAL BERNARDO O'HIGGINS,16.9,6.9,0.0
2023-07-04,LIBERTADOR GENERAL BERNARDO O'HIGGINS,15.7,7.3,0.3
2023-07-05,LIBERTADOR GENERAL BERNARDO O'HIGGINS,15.4,4.4,0.0
2023-07-06,LIBERTADOR GENERAL BERNARDO O'HIGGINS,15.4,6.6,0.0
2023-07-07,LIBERTADOR GENERAL BERNARDO O'HIGGINS,12.4,4.3,1.6
2023-07-08,LIBERTADOR GENERAL BERNARDO O'HIGGINS,12.1,7.8,22.9
2023-07-09,LIBERTADOR GENERAL BERNARDO O'HIGGINS,16.2,6.1,0.2
2023-07-10,LIBERTADOR GENERAL BERNARDO O'HIGGINS,14.7,5.0,0.0
2023-07-11,LIBERTADOR GENERAL BERNARDO O'HIGGINS,12.1,6.9,14.3
2023-07-12,LIBERTADOR GENERAL BERNARDO O'HIGGINS,13.7,7.3,13.7
2023-07-13,LIBERTADOR GENERAL BERNARDO O'HIGGINS,16.0,2.4,0.0
2023-07-14,LIBERTADOR GENERAL BERNARDO O'HIGGINS,12.8,5.7,0.0
2023-07-15,LIBERTADOR GENERAL BERNARDO O'HIGGINS,12.1,2.6,0.0
2023-07-16,LIBERTADOR GENERAL BERNARDO O'HIGGINS,14.6,2.1,0.0
2023-07-17,LIBERTADOR GENERAL BERNARDO O'HIGGINS,14.9,5.6,0.0
2023-07-18,LIBERTADOR GENERAL BERNARDO O'HIGGINS,15.6,7.0,0.0
2023-07-19,LIBERTADOR GENERAL BERNARDO O'HIGGINS,17.4,7.7,0.0
2023-07-20,LIBERTADOR GENERAL BERNARDO O'HIGGINS,14.9,6.7,0.0
2023-07-21,LIBERTADOR GENERAL BERNARDO O'HIGGINS,13.9,7.7,44.2
2023-07-22,LIBERTADOR GENERAL BERNARDO O'HIGGINS,12.6,5.8,19.2
2023-07-23,LIBERTADOR GENERAL BERNARDO O'HIGGINS,11.2,4.2,0.0
2023-07-24,LIBERTADOR GENERAL BERNARDO O'HIGGINS,16.2,1.5,0.0
2023-07-25,LIBERTADOR GENERAL BERNARDO O'HIGGINS,12.8,6.8,2.8
2023-07-26,LIBERTADOR GENERAL BERNARDO O'HIGGINS,13.1,5.3,0.0
2023-07-27,LIBERTADOR GENERAL BERNARDO O'HIGGINS,17.6,3.8,0.0
2023-07-28,LIBERTADOR GENERAL BERNARDO O'HIGGINS,19.4,6.2,0.0
2023-07-29,LIBERTADOR GENERAL BERNARDO O'HIGGINS,20.3,6.0,0.0
2023-07-30,LIBERTADOR GENERAL BERNARDO O'HIGGINS,19.2,7.8,0.0
2023-07-31,LIBERTADOR GENERAL BERNARDO O'HIGGINS,15.3,7.5,0.0
2023-08-01,LIBERTADOR GENERAL BERNARDO O'HIGGINS,19.6,9.7,0.0
2023-08-02,LIBERTADOR GENERAL BERNARDO O'HIGGINS,18.0,8.8,0.0
2023-08-03,LIBERTADOR GENERAL BERNARDO O'HIGGINS,19.6,6.6,0.0
2023-08-04,LIBERTADOR GENERAL BERNARDO O'HIGGINS,21.0,5.9,0.0
2023-08-05,LIBERTADOR GENERAL BERNARDO O'HIGGINS,13.8,7.8,0.0
2023-08-06,LIBERTADOR GENERAL BERNARDO O'HIGGINS,16.9,7.8,0.0
2023-08-07,LIBERTADOR GENERAL BERNARDO O'HIGGINS,15.1,4.7,0.0
2023-08-08,LIBERTADOR GENERAL BERNARDO O'HIGGINS,18.4,6.3,0.0
2023-08-09,LIBERTADOR GENERAL BERNARDO O'HIGGINS,14.6,9.1,0.5
2023-08-10,LIBERTADOR GENERAL BERNARDO O'HIGGINS,12.2,7.8,27.1
2023-08-11,LIBERTADOR GENERAL BERNARDO O'HIGGINS,14.9,4.4,0.0
2023-08-12,LIBERTADOR GENERAL BERNARDO O'HIGGINS,18.5,2.6,0.0
2023-08-13,LIBERTADOR GENERAL BERNARDO O'HIGGINS,22.5,5.3,0.0
2023-08-14,LIBERTADOR GENERAL BERNARDO O'HIGGINS,22.3,8.2,0.0
2023-08-15,LIBERTADOR GENERAL BERNARDO O'HIGGINS,16.0,10.3,0.0
2023-08-16,LIBERTADOR GENERAL BERNARDO O'HIGGINS,16.4,7.9,1.4
2023-08-17,LIBERTADOR GENERAL BERNARDO O'HIGGINS,15.0,9.1,10.6
2023-08-18,LIBERTADOR GENERAL BERNARDO O'HIGGINS,15.1,3.7,0.0
2023-08-19,LIBERTADOR GENERAL BERNARDO O'HIGGINS,12.1,9.3,79.5
2023-08-20,LIBERTADOR GENERAL BERNARDO O'HIGGINS,15.8,10.9,31.1
2023-08-21,LIBERTADOR GENERAL BERNARDO O'HIGGINS,13.6,11.9,39.3
2023-08-22,LIBERTADOR GENERAL BERNARDO O'HIGGINS,12.9,10.1,50.5
2023-08-23,LIBERTADOR GENERAL BERNARDO O'HIGGINS,14.1,7.4,2.7
2023-08-24,LIBERTADOR GENERAL BERNARDO O'HIGGINS,15.1,2.8,0.0
2023-08-25,LIBERTADOR GENERAL BERNARDO O'HIGGINS,15.6,3.9,0.0
2023-08-26,LIBERTADOR GENERAL BERNARDO O'HIGGINS,16.9,1.1,0.0
2023-08-27,LIBERTADOR GENERAL BERNARDO O'HIGGINS,19.7,2.0,0.0
2023-08-28,LIBERTADOR GENERAL BERNARDO O'HIGGINS,14.9,8.2,0.1
2023-08-29,LIBERTADOR GENERAL BERNARDO O'HIGGINS,18.8,4.1,0.0
2023-08-30,LIBERTADOR GENERAL BERNARDO O'HIGGINS,17.5,3.8,0.0
2023-08-31,LIBERTADOR GENERAL BERNARDO O'HIGGINS,17.2,3.5,0.0
2023-09-01,LIBERTADOR GENERAL BERNARDO O'HIGGINS,16.6,6.2,0.0
2023-09-02,LIBERTADOR GENERAL BERNARDO O'HIGGINS,15.9,9.3,5.6
2023-09-03,LIBERTADOR GENERAL BERNARDO O'HIGGINS,15.0,9.2,1.6
2023-09-04,LIBERTADOR GENERAL BERNARDO O'HIGGINS,13.6,8.4,7.2
2023-09-05,LIBERTADOR GENERAL BERNARDO O'HIGGINS,11.9,6.9,2.6
2023-09-06,LIBERTADOR GENERAL BERNARDO O'HIGGINS,12.9,8.3,32.1
2023-09-07,LIBERTADOR GENERAL BERNARDO O'HIGGINS,15.1,5.8,0.2
2023-09-08,LIBERTADOR GENERAL BERNARDO O'HIGGINS,18.0,7.3,2.1
2023-09-09,LIBERTADOR GENERAL BERNARDO O'HIGGINS,16.2,9.0,0.9
2023-09-10,LIBERTADOR GENERAL BERNARDO O'HIGGINS,15.1,10.1,32.0
2023-09-11,LIBERTADOR GENERAL BERNARDO O'HIGGINS,16.6,7.6,16.1
2023-09-12,LIBERTADOR GENERAL BERNARDO O'HIGGINS,15.6,5.0,0.0
2023-09-13,LIBERTADOR GENERAL BERNARDO O'HIGGINS,13.9,3.2,0.0
2023-09-14,LIBERTADOR GENERAL BERNARDO O'HIGGINS,20.8,9.1,0.0
2023-09-15,LIBERTADOR GENERAL BERNARDO O'HIGGINS,22.0,7.4,0.0
2023-09-16,LIBERTADOR GENERAL BERNARDO O'HIGGINS,17.6,9.6,0.4
2023-09-17,LIBERTADOR GENERAL BERNARDO O'HIGGINS,14.4,8.9,1.5
2023-09-18,LIBERTADOR GENERAL BERNARDO O'HIGGINS,15.7,3.8,0.0
2023-09-19,LIBERTADOR GENERAL BERNARDO O'HIGGINS,17.8,7.3,0.0
2023-09-20,LIBERTADOR GENERAL BERNARDO O'HIGGINS,15.5,7.4,0.0
2023-09-21,LIBERTADOR GENERAL BERNARDO O'HIGGINS,17.7,6.7,0.0
2023-09-22,LIBERTADOR GENERAL BERNARDO O'HIGGINS,15.4,10.2,0.0
2023-09-23,LIBERTADOR GENERAL BERNARDO O'HIGGINS,18.7,7.7,0.0
2023-09-24,LIBERTADOR GENERAL BERNARDO O'HIGGINS,19.2,6.5,0.0
2023-09-25,LIBERTADOR GENERAL BERNARDO O'HIGGINS,17.1,6.2,0.4
2023-09-26,LIBERTADOR GENERAL BERNARDO O'HIGGINS,17.1,6.2,0.1
2023-09-27,LIBERTADOR GENERAL BERNARDO O'HIGGINS,18.0,3.8,0.0
2023-09-28,LIBERTADOR GENERAL BERNARDO O'HIGGINS,18.4,6.6,0.0
2023-09-29,LIBERTADOR GENERAL BERNARDO O'HIGGINS,21.6,5.2,0.0
2023-09-30,LIBERTADOR GENERAL BERNARDO O'HIGGINS,21.1,8.6,0.0
2023-10-01,LIBERTADOR GENERAL BERNARDO O'HIGGINS,16.0,8.9,0.3
2023-10-02,LIBERTADOR GENERAL BERNARDO O'HIGGINS,15.4,7.6,0.0
2023-10-03,LIBERTADOR GENERAL BERNARDO O'HIGGINS,16.4,6.9,0.4
2023-10-04,LIBERTADOR GENERAL BERNARDO O'HIGGINS,19.8,4.1,0.0
2023-10-05,LIBERTADOR GENERAL BERNARDO O'HIGGINS,18.7,6.5,0.0
2023-10-06,LIBERTADOR GENERAL BERNARDO O'HIGGINS,16.4,7.7,0.0
2023-10-07,LIBERTADOR GENERAL BERNARDO O'HIGGINS,20.8,4.4,0.0
2023-10-08,LIBERTADOR GENERAL BERNARDO O'HIGGINS,21.9,5.3,0.0
2023-10-09,LIBERTADOR GENERAL BERNARDO O'HIGGINS,23.0,5.4,0.0
2023-10-10,LIBERTADOR GENERAL BERNARDO O'HIGGINS,18.0,6.8,0.0
2023-10-11,LIBERTADOR GENERAL BERNARDO O'HIGGINS,19.9,6.9,0.0
2023-10-12,LIBERTADOR GENERAL BERNARDO O'HIGGINS,23.4,7.9,0.0
2023-10-13,LIBERTADOR GENERAL BERNARDO O'HIGGINS,23.5,6.7,0.0
2023-10-14,LIBERTADOR GENERAL BERNARDO O'HIGGINS,23.5,6.7,0.0
2023-10-15,LIBERTADOR GENERAL BERNARDO O'HIGGINS,22.2,8.9,0.0
2023-10-16,LIBERTADOR GENERAL BERNARDO O'HIGGINS,22.4,7.2,0.0
2023-10-17,LIBERTADOR GENERAL BERNARDO O'HIGGINS,24.5,7.8,0.0
2023-10-18,LIBERTADOR GENERAL BERNARDO O'HIGGINS,20.4,9.9,2.0
2023-10-19,LIBERTADOR GENERAL BERNARDO O'HIGGINS,25.0,6.9,0.0
2023-10-20,LIBERTADOR GENERAL BERNARDO O'HIGGINS,21.4,10.6,0.0
2023-10-21,LIBERTADOR GENERAL BERNARDO O'HIGGINS,19.5,11.4,0.0
2023-10-22,LIBERTADOR GENERAL BERNARDO O'HIGGINS,19.5,11.1,0.1
2023-10-23,LIBERTADOR GENERAL BERNARDO O'HIGGINS,19.5,9.9,0.0
2023-10-24,LIBERTADOR GENERAL BERNARDO O'HIGGINS,23.5,8.4,0.0
2023-10-25,LIBERTADOR GENERAL BERNARDO O'HIGGINS,24.0,8.8,0.0
2023-10-26,LIBERTADOR GENERAL BERNARDO O'HIGGINS,22.0,7.8,0.0
2023-10-27,LIBERTADOR GENERAL BERNARDO O'HIGGINS,18.9,10.1,0.0
2023-10-28,LIBERTADOR GENERAL BERNARDO O'HIGGINS,14.7,9.0,4.5
2023-10-29,LIBERTADOR GENERAL BERNARDO O'HIGGINS,14.9,10.2,21.9
2023-10-30,LIBERTADOR GENERAL BERNARDO O'HIGGINS,18.6,8.8,0.0
2023-10-31,LIBERTADOR GENERAL BERNARDO O'HIGGINS,19.9,7.4,0.0
2023-11-01,LIBERTADOR GENERAL BERNARDO O'HIGGINS,15.6,6.6,1.4
2023-11-02,LIBERTADOR GENERAL BERNARDO O'HIGGINS,18.1,5.7,1.4
2023-11-03,LIBERTADOR GENERAL BERNARDO O'HIGGINS,24.5,6.6,0.0
2023-11-04,LIBERTADOR GENERAL BERNARDO O'HIGGINS,20.9,8.9,0.0
2023-11-05,LIBERTADOR GENERAL BERNARDO O'HIGGINS,21.5,10.2,0.0
2023-11-06,LIBERTADOR GENERAL BERNARDO O'HIGGINS,20.1,8.2,0.0
2023-11-07,LIBERTADOR GENERAL BERNARDO O'HIGGINS,22.5,9.8,0.0
2023-11-08,LIBERTADOR GENERAL BERNARDO O'HIGGINS,24.4,7.7,0.0
2023-11-09,LIBERTADOR GENERAL BERNARDO O'HIGGINS,26.1,9.1,0.0
2023-11-10,LIBERTADOR GENERAL BERNARDO O'HIGGINS,14.6,10.8,15.7
2023-11-11,LIBERTADOR GENERAL BERNARDO O'HIGGINS,14.2,10.4,3.3
2023-11-12,LIBERTADOR GENERAL BERNARDO O'HIGGINS,18.1,7.3,0.0
2023-11-13,LIBERTADOR GENERAL BERNARDO O'HIGGINS,20.5,7.8,0.0
2023-11-14,LIBERTADOR GENERAL BERNARDO O'HIGGINS,21.0,5.8,0.0
2023-11-15,LIBERTADOR GENERAL BERNARDO O'HIGGINS,19.7,5.9,0.0
2023-11-16,LIBERTADOR GENERAL BERNARDO O'HIGGINS,22.4,5.9,0.0
2023-11-17,LIBERTADOR GENERAL BERNARDO O'HIGGINS,14.4,9.4,29.8
2023-11-18,LIBERTADOR GENERAL BERNARDO O'HIGGINS,19.5,6.2,0.0
2023-11-19,LIBERTADOR GENERAL BERNARDO O'HIGGINS,25.8,8.2,0.0
2023-11-20,LIBERTADOR GENERAL BERNARDO O'HIGGINS,23.2,9.1,0.0
2023-11-21,LIBERTADOR GENERAL BERNARDO O'HIGGINS,23.7,10.8,0.0
2023-11-22,LIBERTADOR GENERAL BERNARDO O'HIGGINS,24.0,8.9,0.0
2023-11-23,LIBERTADOR GENERAL BERNARDO O'HIGGINS,29.5,9.0,0.0
2023-11-24,LIBERTADOR GENERAL BERNARDO O'HIGGINS,26.0,11.0,0.0
2023-11-25,LIBERTADOR GENERAL BERNARDO O'HIGGINS,28.0,10.5,0.0
2023-11-26,LIBERTADOR GENERAL BERNARDO O'HIGGINS,27.0,11.8,0.0
2023-11-27,LIBERTADOR GENERAL BERNARDO O'HIGGINS,23.6,12.1,0.2
2023-11-28,LIBERTADOR GENERAL BERNARDO O'HIGGINS,23.6,10.2,0.0
2023-11-29,LIBERTADOR GENERAL BERNARDO O'HIGGINS,27.2,10.6,0.0
2023-11-30,LIBERTADOR GENERAL BERNARDO O'HIGGINS,26.5,11.4,0.0
2023-12-01,LIBERTADOR GENERAL BERNARDO O'HIGGINS,22.5,10.9,0.0
2023-12-02,LIBERTADOR GENERAL BERNARDO O'HIGGINS,24.0,10.8,0.0
2023-12-03,LIBERTADOR GENERAL BERNARDO O'HIGGINS,26.0,8.2,0.0
2023-12-04,LIBERTADOR GENERAL BERNARDO O'HIGGINS,28.5,11.5,0.0
2023-12-05,LIBERTADOR GENERAL BERNARDO O'HIGGINS,22.8,10.1,0.0
2023-12-06,LIBERTADOR GENERAL BERNARDO O'HIGGINS,28.4,8.8,0.0
2023-12-07,LIBERTADOR GENERAL BERNARDO O'HIGGINS,32.0,11.0,0.0
2023-12-08,LIBERTADOR GENERAL BERNARDO O'HIGGINS,27.7,10.7,0.0
2023-12-09,LIBERTADOR GENERAL BERNARDO O'HIGGINS,30.0,11.4,0.0
2023-12-10,LIBERTADOR GENERAL BERNARDO O'HIGGINS,32.2,12.2,0.0
2023-12-11,LIBERTADOR GENERAL BERNARDO O'HIGGINS,25.5,12.1,0.0
2023-12-12,LIBERTADOR GENERAL BERNARDO O'HIGGINS,29.5,11.7,0.0
2023-12-13,LIBERTADOR GENERAL BERNARDO O'HIGGINS,31.2,12.1,0.0
2023-12-14,LIBERTADOR GENERAL BERNARDO O'HIGGINS,25.0,11.9,0.0
2023-12-15,LIBERTADOR GENERAL BERNARDO O'HIGGINS,25.8,8.6,0.0
2023-12-16,LIBERTADOR GENERAL BERNARDO O'HIGGINS,20.5,9.1,0.0
2023-12-17,LIBERTADOR GENERAL BERNARDO O'HIGGINS,23.9,9.4,0.0
2023-12-18,LIBERTADOR GENERAL BERNARDO O'HIGGINS,28.5,10.1,0.0
2023-12-19,LIBERTADOR GENERAL BERNARDO O'HIGGINS,23.1,10.1,0.0
2023-12-20,LIBERTADOR GENERAL BERNARDO O'HIGGINS,29.2,9.3,0.0
2023-12-21,LIBERTADOR GENERAL BERNARDO O'HIGGINS,30.6,11.5,0.0
2023-12-22,LIBERTADOR GENERAL BERNARDO O'HIGGINS,32.4,12.1,0.0
2023-12-23,LIBERTADOR GENERAL BERNARDO O'HIGGINS,31.0,14.6,0.0
2023-12-24,LIBERTADOR GENERAL BERNARDO O'HIGGINS,29.9,11.7,0.0
2023-12-25,LIBERTADOR GENERAL BERNARDO O'HIGGINS,34.8,13.8,0.0
2023-12-26,LIBERTADOR GENERAL BERNARDO O'HIGGINS,24.8,12.7,0.0
2023-12-27,LIBERTADOR GENERAL BERNARDO O'HIGGINS,26.0,13.5,1.0
2023-12-28,LIBERTADOR GENERAL BERNARDO O'HIGGINS,23.6,14.9,0.0
2023-12-29,LIBERTADOR GENERAL BERNARDO O'HIGGINS,30.3,11.4,0.0
2023-12-30,LIBERTADOR GENERAL BERNARDO O'HIGGINS,25.6,14.3,0.0
2023-12-31,LIBERTADOR GENERAL BERNARDO O'HIGGINS,27.1,11.9,0.0
2024-01-01,LIBERTADOR GENERAL BERNARDO O'HIGGINS,28.5,10.9,0.0
2024-01-02,LIBERTADOR GENERAL BERNARDO O'HIGGINS,32.5,12.4,0.0
2024-01-03,LIBERTADOR GENERAL BERNARDO O'HIGGINS,31.7,14.1,0.0
2024-01-04,LIBERTADOR GENERAL BERNARDO O'HIGGINS,28.1,13.6,0.0
2024-01-05,LIBERTADOR GENERAL BERNARDO O'HIGGINS,24.9,13.4,0.0
2024-01-06,LIBERTADOR GENERAL BERNARDO O'HIGGINS,29.4,14.3,0.0
2024-01-07,LIBERTADOR GENERAL BERNARDO O'HIGGINS,30.0,12.9,0.0
2024-01-08,LIBERTADOR GENERAL BERNARDO O'HIGGINS,30.0,13.1,0.0
2024-01-09,LIBERTADOR GENERAL BERNARDO O'HIGGINS,30.2,12.4,0.0
2024-01-10,LIBERTADOR GENERAL BERNARDO O'HIGGINS,30.7,13.3,0.0
2024-01-11,LIBERTADOR GENERAL BERNARDO O'HIGGINS,30.9,13.5,0.0
2024-01-12,LIBERTADOR GENERAL BERNARDO O'HIGGINS,29.6,12.7,0.0
2024-01-13,LIBERTADOR GENERAL BERNARDO O'HIGGINS,27.9,12.5,0.0
2024-01-14,LIBERTADOR GENERAL BERNARDO O'HIGGINS,32.7,12.2,0.0
2024-01-15,LIBERTADOR GENERAL BERNARDO O'HIGGINS,31.1,14.0,0.0
2024-01-16,LIBERTADOR GENERAL BERNARDO O'HIGGINS,32.5,11.9,0.0
2024-01-17,LIBERTADOR GENERAL BERNARDO O'HIGGINS,31.0,14.6,0.0
2024-01-18,LIBERTADOR GENERAL BERNARDO O'HIGGINS,32.8,13.1,0.0
2024-01-19,LIBERTADOR GENERAL BERNARDO O'HIGGINS,33.9,14.7,0.0
2024-01-20,LIBERTADOR GENERAL BERNARDO O'HIGGINS,30.8,15.8,0.0
2024-01-21,LIBERTADOR GENERAL BERNARDO O'HIGGINS,33.0,13.4,0.0
2024-01-22,LIBERTADOR GENERAL BERNARDO O'HIGGINS,33.5,14.4,0.0
2024-01-23,LIBERTADOR GENERAL BERNARDO O'HIGGINS,30.4,14.4,0.0
2024-01-24,LIBERTADOR GENERAL BERNARDO O'HIGGINS,35.9,13.9,0.0
2024-01-25,LIBERTADOR GENERAL BERNARDO O'HIGGINS,28.3,14.0,0.0
2024-01-26,LIBERTADOR GENERAL BERNARDO O'HIGGINS,28.7,13.6,0.0
2024-01-27,LIBERTADOR GENERAL BERNARDO O'HIGGINS,33.5,14.2,0.0
2024-01-28,LIBERTADOR GENERAL BERNARDO O'HIGGINS,29.5,15.5,0.0
2024-01-29,LIBERTADOR GENERAL BERNARDO O'HIGGINS,34.0,14.1,0.0
2024-01-30,LIBERTADOR GENERAL BERNARDO O'HIGGINS,36.9,15.4,0.0
2024-01-31,LIBERTADOR GENERAL BERNARDO O'HIGGINS,37.0,16.6,0.0
2024-02-01,LIBERTADOR GENERAL BERNARDO O'HIGGINS,36.2,16.5,0.0
2024-02-02,LIBERTADOR GENERAL BERNARDO O'HIGGINS,37.0,15.4,0.0
2024-02-03,LIBERTADOR GENERAL BERNARDO O'HIGGINS,35.5,19.2,0.0
2024-02-04,LIBERTADOR GENERAL BERNARDO O'HIGGINS,28.5,16.0,0.0
2024-02-05,LIBERTADOR GENERAL BERNARDO O'HIGGINS,33.8,13.6,0.0
2024-02-06,LIBERTADOR GENERAL BERNARDO O'HIGGINS,33.1,17.5,0.0
2024-02-07,LIBERTADOR GENERAL BERNARDO O'HIGGINS,35.5,16.0,0.0
2024-02-08,LIBERTADOR GENERAL BERNARDO O'HIGGINS,32.5,16.8,0.0
2024-02-09,LIBERTADOR GENERAL BERNARDO O'HIGGINS,31.2,13.6,0.0
2024-02-10,LIBERTADOR GENERAL BERNARDO O'HIGGINS,32.5,12.8,0.0
2024-02-11,LIBERTADOR GENERAL BERNARDO O'HIGGINS,30.6,12.1,0.0
2024-02-12,LIBERTADOR GENERAL BERNARDO O'HIGGINS,34.4,15.7,0.0
2024-02-13,LIBERTADOR GENERAL BERNARDO O'HIGGINS,29.0,16.0,0.0
2024-02-14,LIBERTADOR GENERAL BERNARDO O'HIGGINS,30.1,13.4,0.0
2024-02-15,LIBERTADOR GENERAL BERNARDO O'HIGGINS,30.6,13.4,0.0
2024-02-16,LIBERTADOR GENERAL BERNARDO O'HIGGINS,30.5,12.6,0.0
2024-02-17,LIBERTADOR GENERAL BERNARDO O'HIGGINS,34.2,15.2,0.0
2024-02-18,LIBERTADOR GENERAL BERNARDO O'HIGGINS,34.3,16.2,0.0
2024-02-19,LIBERTADOR GENERAL BERNARDO O'HIGGINS,25.6,14.0,0.0
2024-02-20,LIBERTADOR GENERAL BERNARDO O'HIGGINS,27.4,15.3,0.0
2024-02-21,LIBERTADOR GENERAL BERNARDO O'HIGGINS,26.5,12.9,0.0
2024-02-22,LIBERTADOR GENERAL BERNARDO O'HIGGINS,22.9,15.8,3.9
2024-02-23,LIBERTADOR GENERAL BERNARDO O'HIGGINS,30.1,12.5,0.0
2024-02-24,LIBERTADOR GENERAL BERNARDO O'HIGGINS,30.5,16.8,0.0
2024-02-25,LIBERTADOR GENERAL BERNARDO O'HIGGINS,32.0,14.6,0.0
2024-02-26,LIBERTADOR GENERAL BERNARDO O'HIGGINS,31.6,13.6,0.0
2024-02-27,LIBERTADOR GENERAL BERNARDO O'HIGGINS,32.0,14.1,0.0
2024-02-28,LIBERTADOR GENERAL BERNARDO O'HIGGINS,32.7,14.1,0.0
2024-02-29,LIBERTADOR GENERAL BERNARDO O'HIGGINS,33.1,15.1,0.0
2024-03-01,LIBERTADOR GENERAL BERNARDO O'HIGGINS,30.1,14.1,0.0
2024-03-02,LIBERTADOR GENERAL BERNARDO O'HIGGINS,29.5,15.2,0.0
2024-03-03,LIBERTADOR GENERAL BERNARDO O'HIGGINS,30.4,12.8,0.0
2024-03-04,LIBERTADOR GENERAL BERNARDO O'HIGGINS,31.1,12.9,0.0
2024-03-05,LIBERTADOR GENERAL BERNARDO O'HIGGINS,29.6,13.9,0.0
2024-03-06,LIBERTADOR GENERAL BERNARDO O'HIGGINS,29.5,13.4,0.0
2024-03-07,LIBERTADOR GENERAL BERNARDO O'HIGGINS,25.9,10.3,0.0
2024-03-08,LIBERTADOR GENERAL BERNARDO O'HIGGINS,25.6,9.1,0.0
2024-03-09,LIBERTADOR GENERAL BERNARDO O'HIGGINS,28.6,11.3,0.0
2024-03-10,LIBERTADOR GENERAL BERNARDO O'HIGGINS,28.1,12.4,0.0
2024-03-11,LIBERTADOR GENERAL BERNARDO O'HIGGINS,26.5,11.1,0.0
2024-03-12,LIBERTADOR GENERAL BERNARDO O'HIGGINS,27.3,11.1,0.0
2024-03-13,LIBERTADOR GENERAL BERNARDO O'HIGGINS,27.0,12.1,0.0
2024-03-14,LIBERTADOR GENERAL BERNARDO O'HIGGINS,27.0,9.7,0.0
2024-03-15,LIBERTADOR GENERAL BERNARDO O'HIGGINS,27.2,9.1,0.0
2024-03-16,LIBERTADOR GENERAL BERNARDO O'HIGGINS,27.0,8.7,0.0
2024-03-17,LIBERTADOR GENERAL BERNARDO O'HIGGINS,28.5,9.4,0.0
2024-03-18,LIBERTADOR GENERAL BERNARDO O'HIGGINS,28.8,10.1,0.0
2024-03-19,LIBERTADOR GENERAL BERNARDO O'HIGGINS,25.2,12.0,0.0
2024-03-20,LIBERTADOR GENERAL BERNARDO O'HIGGINS,19.9,10.6,0.0
2024-03-21,LIBERTADOR GENERAL BERNARDO O'HIGGINS,29.2,11.0,0.0
2024-03-22,LIBERTADOR GENERAL BERNARDO O'HIGGINS,31.0,13.5,0.0
2024-03-23,LIBERTADOR GENERAL BERNARDO O'HIGGINS,29.4,14.0,0.0
2024-03-24,LIBERTADOR GENERAL BERNARDO O'HIGGINS,29.4,14.2,0.0
2024-03-25,LIBERTADOR GENERAL BERNARDO O'HIGGINS,27.8,14.8,0.0
2024-03-26,LIBERTADOR GENERAL BERNARDO O'HIGGINS,28.8,13.1,0.0
2024-03-27,LIBERTADOR GENERAL BERNARDO O'HIGGINS,28.5,15.9,0.0
2024-03-28,LIBERTADOR GENERAL BERNARDO O'HIGGINS,28.5,12.9,0.0
2024-03-29,LIBERTADOR GENERAL BERNARDO O'HIGGINS,29.8,13.1,0.0
2024-03-30,LIBERTADOR GENERAL BERNARDO O'HIGGINS,28.0,13.1,0.0
2024-03-31,LIBERTADOR GENERAL BERNARDO O'HIGGINS,25.0,10.9,0.0
2024-04-01,LIBERTADOR GENERAL BERNARDO O'HIGGINS,24.5,10.3,0.0
2024-04-02,LIBERTADOR GENERAL BERNARDO O'HIGGINS,24.0,11.1,0.1
2024-04-03,LIBERTADOR GENERAL BERNARDO O'HIGGINS,24.4,14.6,2.7
2024-04-04,LIBERTADOR GENERAL BERNARDO O'HIGGINS,23.9,9.2,0.0
2024-04-05,LIBERTADOR GENERAL BERNARDO O'HIGGINS,25.8,9.7,0.0
2024-04-06,LIBERTADOR GENERAL BERNARDO O'HIGGINS,23.3,9.4,0.0
2024-04-07,LIBERTADOR GENERAL BERNARDO O'HIGGINS,25.0,8.6,0.0
2024-04-08,LIBERTADOR GENERAL BERNARDO O'HIGGINS,24.2,11.9,0.0
2024-04-09,LIBERTADOR GENERAL BERNARDO O'HIGGINS,25.2,9.8,0.0
2024-04-10,LIBERTADOR GENERAL BERNARDO O'HIGGINS,24.1,9.3,0.0
2024-04-11,LIBERTADOR GENERAL BERNARDO O'HIGGINS,18.4,7.4,0.0
2024-04-12,LIBERTADOR GENERAL BERNARDO O'HIGGINS,18.5,9.1,0.1
2024-04-13,LIBERTADOR GENERAL BERNARDO O'HIGGINS,18.9,9.1,1.4
2024-04-14,LIBERTADOR GENERAL BERNARDO O'HIGGINS,22.2,10.0,0.0
2024-04-15,LIBERTADOR GENERAL BERNARDO O'HIGGINS,19.8,10.6,0.5
2024-04-16,LIBERTADOR GENERAL BERNARDO O'HIGGINS,22.2,9.6,0.0
2024-04-17,LIBERTADOR GENERAL BERNARDO O'HIGGINS,26.0,8.1,0.0
2024-04-18,LIBERTADOR GENERAL BERNARDO O'HIGGINS,27.6,10.5,0.0
2024-04-19,LIBERTADOR GENERAL BERNARDO O'HIGGINS,21.0,12.3,0.0
2024-04-20,LIBERTADOR GENERAL BERNARDO O'HIGGINS,20.5,10.1,0.0
2024-04-21,LIBERTADOR GENERAL BERNARDO O'HIGGINS,18.6,12.1,0.3
2024-04-22,LIBERTADOR GENERAL BERNARDO O'HIGGINS,18.2,11.6,2.9
2024-04-23,LIBERTADOR GENERAL BERNARDO O'HIGGINS,21.0,7.5,0.0
2024-04-24,LIBERTADOR GENERAL BERNARDO O'HIGGINS,19.2,8.9,0.0
2024-04-25,LIBERTADOR GENERAL BERNARDO O'HIGGINS,20.0,6.6,0.0
2024-04-26,LIBERTADOR GENERAL BERNARDO O'HIGGINS,18.8,8.6,0.0
2024-04-27,LIBERTADOR GENERAL BERNARDO O'HIGGINS,17.5,6.4,0.0
2024-04-28,LIBERTADOR GENERAL BERNARDO O'HIGGINS,16.1,4.2,0.0
2024-04-29,LIBERTADOR GENERAL BERNARDO O'HIGGINS,17.5,4.7,15.5
2024-04-30,LIBERTADOR GENERAL BERNARDO O'HIGGINS,13.5,9.9,24.4
2024-05-01,LIBERTADOR GENERAL BERNARDO O'HIGGINS,13.5,5.2,0.8
2024-05-02,LIBERTADOR GENERAL BERNARDO O'HIGGINS,14.0,2.9,0.0
2024-05-03,LIBERTADOR GENERAL BERNARDO O'HIGGINS,13.2,2.2,0.0
2024-05-04,LIBERTADOR GENERAL BERNARDO O'HIGGINS,17.1,5.4,0.3
2024-05-05,LIBERTADOR GENERAL BERNARDO O'HIGGINS,15.3,7.4,0.0
2024-05-06,LIBERTADOR GENERAL BERNARDO O'HIGGINS,14.7,5.6,0.0
2024-05-07,LIBERTADOR GENERAL BERNARDO O'HIGGINS,10.0,4.1,27.6
2024-05-08,LIBERTADOR GENERAL BERNARDO O'HIGGINS,14.8,1.7,0.0
2024-05-09,LIBERTADOR GENERAL BERNARDO O'HIGGINS,13.1,1.0,0.0
2024-05-10,LIBERTADOR GENERAL BERNARDO O'HIGGINS,13.7,4.9,0.0
2024-05-11,LIBERTADOR GENERAL BERNARDO O'HIGGINS,14.3,2.9,0.0
2024-05-12,LIBERTADOR GENERAL BERNARDO O'HIGGINS,13.8,3.7,0.0
2024-05-13,LIBERTADOR GENERAL BERNARDO O'HIGGINS,12.8,1.0,0.0
2024-05-14,LIBERTADOR GENERAL BERNARDO O'HIGGINS,13.5,0.5,0.0
2024-05-15,LIBERTADOR GENERAL BERNARDO O'HIGGINS,12.1,3.2,0.0
2024-05-16,LIBERTADOR GENERAL BERNARDO O'HIGGINS,14.8,2.2,0.0
2024-05-17,LIBERTADOR GENERAL BERNARDO O'HIGGINS,13.8,2.6,0.0
2024-05-18,LIBERTADOR GENERAL BERNARDO O'HIGGINS,14.6,2.1,0.0
2024-05-19,LIBERTADOR GENERAL BERNARDO O'HIGGINS,15.2,1.6,0.0
2024-05-20,LIBERTADOR GENERAL BERNARDO O'HIGGINS,9.9,7.4,29.7
2024-05-21,LIBERTADOR GENERAL BERNARDO O'HIGGINS,15.1,6.2,0.0
2024-05-22,LIBERTADOR GENERAL BERNARDO O'HIGGINS,10.1,6.2,6.9
2024-05-23,LIBERTADOR GENERAL BERNARDO O'HIGGINS,13.2,3.8,1.9
2024-05-24,LIBERTADOR GENERAL BERNARDO O'HIGGINS,13.6,2.0,0.0
2024-05-25,LIBERTADOR GENERAL BERNARDO O'HIGGINS,13.9,6.2,0.1
2024-05-26,LIBERTADOR GENERAL BERNARDO O'HIGGINS,14.3,5.8,11.1
2024-05-27,LIBERTADOR GENERAL BERNARDO O'HIGGINS,14.9,4.0,0.0
2024-05-28,LIBERTADOR GENERAL BERNARDO O'HIGGINS,13.9,4.3,0.0
2024-05-29,LIBERTADOR GENERAL BERNARDO O'HIGGINS,17.0,6.2,1.0
2024-05-30,LIBERTADOR GENERAL BERNARDO O'HIGGINS,17.0,6.8,0.0
2024-05-31,LIBERTADOR GENERAL BERNARDO O'HIGGINS,12.6,6.9,0.0
2024-06-01,LIBERTADOR GENERAL BERNARDO O'HIGGINS,17.6,6.1,0.0
2024-06-02,LIBERTADOR GENERAL BERNARDO O'HIGGINS,16.0,7.5,0.0
2024-06-03,LIBERTADOR GENERAL BERNARDO O'HIGGINS,12.9,7.1,0.0
2024-06-04,LIBERTADOR GENERAL BERNARDO O'HIGGINS,13.7,6.4,0.4
2024-06-05,LIBERTADOR GENERAL BERNARDO O'HIGGINS,13.4,6.8,0.0
2024-06-06,LIBERTADOR GENERAL BERNARDO O'HIGGINS,18.0,8.2,0.0
2024-06-07,LIBERTADOR GENERAL BERNARDO O'HIGGINS,19.4,9.6,0.0
2024-06-08,LIBERTADOR GENERAL BERNARDO O'HIGGINS,17.0,9.4,14.3
2024-06-09,LIBERTADOR GENERAL BERNARDO O'HIGGINS,15.4,9.6,27.8
2024-06-10,LIBERTADOR GENERAL BERNARDO O'HIGGINS,15.9,8.9,0.3
2024-06-11,LIBERTADOR GENERAL BERNARDO O'HIGGINS,13.6,8.8,0.4
2024-06-12,LIBERTADOR GENERAL BERNARDO O'HIGGINS,16.0,9.1,13.8
2024-06-13,LIBERTADOR GENERAL BERNARDO O'HIGGINS,13.3,10.5,59.5
2024-06-14,LIBERTADOR GENERAL BERNARDO O'HIGGINS,15.7,8.6,12.2
2024-06-15,LIBERTADOR GENERAL BERNARDO O'HIGGINS,14.6,5.8,0.0
2024-06-16,LIBERTADOR GENERAL BERNARDO O'HIGGINS,12.6,6.8,0.0
2024-06-17,LIBERTADOR GENERAL BERNARDO O'HIGGINS,13.6,5.6,14.5
2024-06-18,LIBERTADOR GENERAL BERNARDO O'HIGGINS,11.4,6.9,81.9
2024-06-19,LIBERTADOR GENERAL BERNARDO O'HIGGINS,14.8,6.1,0.0
2024-06-20,LIBERTADOR GENERAL BERNARDO O'HIGGINS,12.7,8.4,13.4
2024-06-21,LIBERTADOR GENERAL BERNARDO O'HIGGINS,9.6,6.7,68.9
2024-06-22,LIBERTADOR GENERAL BERNARDO O'HIGGINS,9.1,6.2,23.7
2024-06-23,LIBERTADOR GENERAL BERNARDO O'HIGGINS,11.5,1.2,0.0
2024-06-24,LIBERTADOR GENERAL BERNARDO O'HIGGINS,11.4,4.8,0.0
2024-06-25,LIBERTADOR GENERAL BERNARDO O'HIGGINS,11.4,3.6,0.0
2024-06-26,LIBERTADOR GENERAL BERNARDO O'HIGGINS,15.1,0.6,0.0
2024-06-27,LIBERTADOR GENERAL BERNARDO O'HIGGINS,13.4,3.9,0.0
2024-06-28,LIBERTADOR GENERAL BERNARDO O'HIGGINS,13.9,4.9,0.0
2024-06-29,LIBERTADOR GENERAL BERNARDO O'HIGGINS,15.9,3.3,0.0
2024-06-30,LIBERTADOR GENERAL BERNARDO O'HIGGINS,15.9,2.8,0.0
2024-07-01,LIBERTADOR GENERAL BERNARDO O'HIGGINS,16.6,2.3,0.0
2024-07-02,LIBERTADOR GENERAL BERNARDO O'HIGGINS,16.5,4.8,0.0
2024-07-03,LIBERTADOR GENERAL BERNARDO O'HIGGINS,14.1,4.7,0.0
2024-07-04,LIBERTADOR GENERAL BERNARDO O'HIGGINS,12.4,1.4,0.0
2024-07-05,LIBERTADOR GENERAL BERNARDO O'HIGGINS,12.6,-2.0,0.0
2024-07-06,LIBERTADOR GENERAL BERNARDO O'HIGGINS,10.6,-0.6,0.0
2024-07-07,LIBERTADOR GENERAL BERNARDO O'HIGGINS,12.1,-2.3,0.0
2024-07-08,LIBERTADOR GENERAL BERNARDO O'HIGGINS,12.3,-3.0,0.0
2024-07-09,LIBERTADOR GENERAL BERNARDO O'HIGGINS,6.1,-1.7,0.0
2024-07-10,LIBERTADOR GENERAL BERNARDO O'HIGGINS,10.5,-1.8,0.0
2024-07-11,LIBERTADOR GENERAL BERNARDO O'HIGGINS,10.4,-3.0,0.0
2024-07-12,LIBERTADOR GENERAL BERNARDO O'HIGGINS,11.4,-2.0,0.0
2024-07-13,LIBERTADOR GENERAL BERNARDO O'HIGGINS,9.8,-0.4,0.0
2024-07-14,LIBERTADOR GENERAL BERNARDO O'HIGGINS,10.1,0.9,0.0
2024-07-15,LIBERTADOR GENERAL BERNARDO O'HIGGINS,9.1,-2.5,0.0
2024-07-16,LIBERTADOR GENERAL BERNARDO O'HIGGINS,15.1,-1.5,0.0
2024-07-17,LIBERTADOR GENERAL BERNARDO O'HIGGINS,14.6,0.6,0.0
2024-07-18,LIBERTADOR GENERAL BERNARDO O'HIGGINS,9.9,4.8,0.3
2024-07-19,LIBERTADOR GENERAL BERNARDO O'HIGGINS,12.1,2.5,0.0
2024-07-20,LIBERTADOR GENERAL BERNARDO O'HIGGINS,10.9,2.2,0.0
2024-07-21,LIBERTADOR GENERAL BERNARDO O'HIGGINS,16.0,4.7,0.0
2024-07-22,LIBERTADOR GENERAL BERNARDO O'HIGGINS,17.0,3.2,0.1
2024-07-23,LIBERTADOR GENERAL BERNARDO O'HIGGINS,12.7,5.8,0.2
2024-07-24,LIBERTADOR GENERAL BERNARDO O'HIGGINS,16.8,3.5,0.0
2024-07-25,LIBERTADOR GENERAL BERNARDO O'HIGGINS,14.9,4.7,0.0
2024-07-26,LIBERTADOR GENERAL BERNARDO O'HIGGINS,13.1,2.8,0.0
2024-07-27,LIBERTADOR GENERAL BERNARDO O'HIGGINS,13.3,1.0,0.0
2024-07-28,LIBERTADOR GENERAL BERNARDO O'HIGGINS,14.0,0.3,0.0
2024-07-29,LIBERTADOR GENERAL BERNARDO O'HIGGINS,18.5,2.2,0.0
2024-07-30,LIBERTADOR GENERAL BERNARDO O'HIGGINS,13.1,7.2,0.0
2024-07-31,LIBERTADOR GENERAL BERNARDO O'HIGGINS,11.3,7.2,0.0
2024-08-01,LIBERTADOR GENERAL BERNARDO O'HIGGINS,13.1,8.9,10.6
2024-08-02,LIBERTADOR GENERAL BERNARDO O'HIGGINS,12.9,8.0,53.2
2024-08-03,LIBERTADOR GENERAL BERNARDO O'HIGGINS,16.0,4.6,3.5
2024-08-04,LIBERTADOR GENERAL BERNARDO O'HIGGINS,13.6,5.5,0.0
2024-08-05,LIBERTADOR GENERAL BERNARDO O'HIGGINS,9.4,5.9,14.9
2024-08-06,LIBERTADOR GENERAL BERNARDO O'HIGGINS,12.2,4.6,1.3
2024-08-07,LIBERTADOR GENERAL BERNARDO O'HIGGINS,11.2,-0.2,0.0
2024-08-08,LIBERTADOR GENERAL BERNARDO O'HIGGINS,14.4,-0.6,0.0
2024-08-09,LIBERTADOR GENERAL BERNARDO O'HIGGINS,16.5,0.0,0.0
2024-08-10,LIBERTADOR GENERAL BERNARDO O'HIGGINS,16.8,2.0,0.0
2024-08-11,LIBERTADOR GENERAL BERNARDO O'HIGGINS,18.2,5.3,0.0
2024-08-12,LIBERTADOR GENERAL BERNARDO O'HIGGINS,20.0,6.6,0.0
2024-08-13,LIBERTADOR GENERAL BERNARDO O'HIGGINS,15.7,6.4,0.0
2024-08-14,LIBERTADOR GENERAL BERNARDO O'HIGGINS,16.1,8.6,0.0
2024-08-15,LIBERTADOR GENERAL BERNARDO O'HIGGINS,16.2,5.9,0.0
2024-08-16,LIBERTADOR GENERAL BERNARDO O'HIGGINS,12.9,5.8,0.0
2024-08-17,LIBERTADOR GENERAL BERNARDO O'HIGGINS,14.0,5.2,0.0
2024-08-18,LIBERTADOR GENERAL BERNARDO O'HIGGINS,10.6,4.8,0.0
2024-08-19,LIBERTADOR GENERAL BERNARDO O'HIGGINS,12.8,4.1,0.0
2024-08-20,LIBERTADOR GENERAL BERNARDO O'HIGGINS,11.1,3.0,0.0
2024-08-21,LIBERTADOR GENERAL BERNARDO O'HIGGINS,11.9,-0.2,12.0
2024-08-22,LIBERTADOR GENERAL BERNARDO O'HIGGINS,12.1,1.5,7.0
2024-08-23,LIBERTADOR GENERAL BERNARDO O'HIGGINS,10.4,2.0,12.8
2024-08-24,LIBERTADOR GENERAL BERNARDO O'HIGGINS,16.9,-1.1,0.0
2024-08-25,LIBERTADOR GENERAL BERNARDO O'HIGGINS,17.3,2.8,0.0
2024-08-26,LIBERTADOR GENERAL BERNARDO O'HIGGINS,17.4,3.7,0.0
2024-08-27,LIBERTADOR GENERAL BERNARDO O'HIGGINS,16.8,3.8,0.0
2024-08-28,LIBERTADOR GENERAL BERNARDO O'HIGGINS,13.8,4.8,0.0
2024-08-29,LIBERTADOR GENERAL BERNARDO O'HIGGINS,12.8,7.8,0.4
2024-08-30,LIBERTADOR GENERAL BERNARDO O'HIGGINS,15.0,5.4,1.0
2024-08-31,LIBERTADOR GENERAL BERNARDO O'HIGGINS,19.6,3.5,0.0
2024-09-01,LIBERTADOR GENERAL BERNARDO O'HIGGINS,20.5,5.4,0.0
2024-09-02,LIBERTADOR GENERAL BERNARDO O'HIGGINS,11.9,4.2,1.7
2024-09-03,LIBERTADOR GENERAL BERNARDO O'HIGGINS,15.4,2.2,0.0
2024-09-04,LIBERTADOR GENERAL BERNARDO O'HIGGINS,17.5,3.0,0.0
2024-09-05,LIBERTADOR GENERAL BERNARDO O'HIGGINS,19.0,5.1,0.0
2024-09-06,LIBERTADOR GENERAL BERNARDO O'HIGGINS,16.9,4.8,0.0
2024-09-07,LIBERTADOR GENERAL BERNARDO O'HIGGINS,16.0,5.5,0.0
2024-09-08,LIBERTADOR GENERAL BERNARDO O'HIGGINS,17.8,3.0,0.0
2024-09-09,LIBERTADOR GENERAL BERNARDO O'HIGGINS,19.4,5.2,0.0
2024-09-10,LIBERTADOR GENERAL BERNARDO O'HIGGINS,17.6,6.0,0.4
2024-09-11,LIBERTADOR GENERAL BERNARDO O'HIGGINS,17.8,3.5,0.0
2024-09-12,LIBERTADOR GENERAL BERNARDO O'HIGGINS,16.8,4.8,0.0
2024-09-13,LIBERTADOR GENERAL BERNARDO O'HIGGINS,18.0,6.8,0.0
2024-09-14,LIBERTADOR GENERAL BERNARDO O'HIGGINS,21.5,4.6,0.0
2024-09-15,LIBERTADOR GENERAL BERNARDO O'HIGGINS,21.9,5.8,0.0
2024-09-16,LIBERTADOR GENERAL BERNARDO O'HIGGINS,21.4,5.7,0.0
2024-09-17,LIBERTADOR GENERAL BERNARDO O'HIGGINS,19.4,6.2,0.0
2024-09-18,LIBERTADOR GENERAL BERNARDO O'HIGGINS,15.1,6.9,3.1
2024-09-19,LIBERTADOR GENERAL BERNARDO O'HIGGINS,13.1,8.5,26.6
2024-09-20,LIBERTADOR GENERAL BERNARDO O'HIGGINS,16.7,4.8,0.0
2024-09-21,LIBERTADOR GENERAL BERNARDO O'HIGGINS,16.4,6.2,0.0
2024-09-22,LIBERTADOR GENERAL BERNARDO O'HIGGINS,13.8,8.8,7.7
2024-09-23,LIBERTADOR GENERAL BERNARDO O'HIGGINS,17.2,6.7,0.0
2024-09-24,LIBERTADOR GENERAL BERNARDO O'HIGGINS,17.7,4.4,0.0
2024-09-25,LIBERTADOR GENERAL BERNARDO O'HIGGINS,17.1,3.3,0.0
2024-09-26,LIBERTADOR GENERAL BERNARDO O'HIGGINS,22.1,3.8,0.0
2024-09-27,LIBERTADOR GENERAL BERNARDO O'HIGGINS,20.8,8.1,0.0
2024-09-28,LIBERTADOR GENERAL BERNARDO O'HIGGINS,22.0,9.1,0.0
2024-09-29,LIBERTADOR GENERAL BERNARDO O'HIGGINS,16.6,8.8,0.0
2024-09-30,LIBERTADOR GENERAL BERNARDO O'HIGGINS,15.2,9.9,4.5
2024-10-01,LIBERTADOR GENERAL BERNARDO O'HIGGINS,17.4,8.7,0.8
2024-10-02,LIBERTADOR GENERAL BERNARDO O'HIGGINS,19.2,4.3,0.0
2024-10-03,LIBERTADOR GENERAL BERNARDO O'HIGGINS,21.9,5.4,0.0
2024-10-04,LIBERTADOR GENERAL BERNARDO O'HIGGINS,22.4,9.4,0.0
2024-10-05,LIBERTADOR GENERAL BERNARDO O'HIGGINS,24.5,7.8,0.0
2024-10-06,LIBERTADOR GENERAL BERNARDO O'HIGGINS,21.5,11.6,0.0
2024-10-07,LIBERTADOR GENERAL BERNARDO O'HIGGINS,22.0,9.7,4.2
2024-10-08,LIBERTADOR GENERAL BERNARDO O'HIGGINS,15.6,11.7,7.4
2024-10-09,LIBERTADOR GENERAL BERNARDO O'HIGGINS,21.9,10.2,0.2
2024-10-10,LIBERTADOR GENERAL BERNARDO O'HIGGINS,17.2,9.8,0.2
2024-10-11,LIBERTADOR GENERAL BERNARDO O'HIGGINS,17.0,10.6,0.0
2024-10-12,LIBERTADOR GENERAL BERNARDO O'HIGGINS,20.0,7.9,0.0
2024-10-13,LIBERTADOR GENERAL BERNARDO O'HIGGINS,22.9,6.4,0.0
2024-10-14,LIBERTADOR GENERAL BERNARDO O'HIGGINS,22.5,8.9,0.0
2024-10-15,LIBERTADOR GENERAL BERNARDO O'HIGGINS,26.1,9.2,0.0
2024-10-16,LIBERTADOR GENERAL BERNARDO O'HIGGINS,18.4,8.1,0.0
2024-10-17,LIBERTADOR GENERAL BERNARDO O'HIGGINS,25.2,6.8,0.0
2024-10-18,LIBERTADOR GENERAL BERNARDO O'HIGGINS,28.0,9.2,0.0
2024-10-19,LIBERTADOR GENERAL BERNARDO O'HIGGINS,19.9,9.9,0.0
2024-10-20,LIBERTADOR GENERAL BERNARDO O'HIGGINS,19.6,11.6,0.0
2024-10-21,LIBERTADOR GENERAL BERNARDO O'HIGGINS,24.1,10.8,0.0
2024-10-22,LIBERTADOR GENERAL BERNARDO O'HIGGINS,22.7,10.4,3.9
2024-10-23,LIBERTADOR GENERAL BERNARDO O'HIGGINS,19.8,11.2,0.3
2024-10-24,LIBERTADOR GENERAL BERNARDO O'HIGGINS,25.1,8.8,0.0
2024-10-25,LIBERTADOR GENERAL BERNARDO O'HIGGINS,22.3,8.9,0.0
2024-10-26,LIBERTADOR GENERAL BERNARDO O'HIGGINS,27.5,7.3,0.0
2024-10-27,LIBERTADOR GENERAL BERNARDO O'HIGGINS,28.2,9.9,0.0
2024-10-28,LIBERTADOR GENERAL BERNARDO O'HIGGINS,31.4,12.2,0.0
2024-10-29,LIBERTADOR GENERAL BERNARDO O'HIGGINS,21.4,11.5,0.0
2024-10-30,LIBERTADOR GENERAL BERNARDO O'HIGGINS,25.1,11.9,0.0
2024-10-31,LIBERTADOR GENERAL BERNARDO O'HIGGINS,25.5,9.7,0.0
2024-11-01,LIBERTADOR GENERAL BERNARDO O'HIGGINS,21.4,10.6,0.0
2024-11-02,LIBERTADOR GENERAL BERNARDO O'HIGGINS,25.1,8.4,0.0
2024-11-03,LIBERTADOR GENERAL BERNARDO O'HIGGINS,21.3,9.2,0.0
2024-11-04,LIBERTADOR GENERAL BERNARDO O'HIGGINS,24.0,7.2,0.0
2024-11-05,LIBERTADOR GENERAL BERNARDO O'HIGGINS,25.9,7.5,0.0
2024-11-06,LIBERTADOR GENERAL BERNARDO O'HIGGINS,26.5,11.2,0.0
2024-11-07,LIBERTADOR GENERAL BERNARDO O'HIGGINS,26.4,10.8,0.0
2024-11-08,LIBERTADOR GENERAL BERNARDO O'HIGGINS,29.9,11.8,0.0
2024-11-09,LIBERTADOR GENERAL BERNARDO O'HIGGINS,28.0,12.6,0.1
2024-11-10,LIBERTADOR GENERAL BERNARDO O'HIGGINS,22.2,12.6,0.9
2024-11-11,LIBERTADOR GENERAL BERNARDO O'HIGGINS,25.2,8.4,0.0
2024-11-12,LIBERTADOR GENERAL BERNARDO O'HIGGINS,28.5,9.8,0.0
2024-11-13,LIBERTADOR GENERAL BERNARDO O'HIGGINS,26.3,12.4,0.0
2024-11-14,LIBERTADOR GENERAL BERNARDO O'HIGGINS,25.5,10.7,0.0
2024-11-15,LIBERTADOR GENERAL BERNARDO O'HIGGINS,24.0,11.5,0.0
2024-11-16,LIBERTADOR GENERAL BERNARDO O'HIGGINS,22.9,11.0,0.1
2024-11-17,LIBERTADOR GENERAL BERNARDO O'HIGGINS,25.8,9.2,0.0
2024-11-18,LIBERTADOR GENERAL BERNARDO O'HIGGINS,26.8,11.2,0.0
2024-11-19,LIBERTADOR GENERAL BERNARDO O'HIGGINS,24.6,10.1,0.0
2024-11-20,LIBERTADOR GENERAL BERNARDO O'HIGGINS,27.3,10.9,0.0
2024-11-21,LIBERTADOR GENERAL BERNARDO O'HIGGINS,27.5,11.3,0.0
2024-11-22,LIBERTADOR GENERAL BERNARDO O'HIGGINS,28.1,9.8,0.0
2024-11-23,LIBERTADOR GENERAL BERNARDO O'HIGGINS,30.0,12.8,0.0
2024-11-24,LIBERTADOR GENERAL BERNARDO O'HIGGINS,28.4,13.1,0.0
2024-11-25,LIBERTADOR GENERAL BERNARDO O'HIGGINS,27.0,13.7,0.0
2024-11-26,LIBERTADOR GENERAL BERNARDO O'HIGGINS,26.0,12.1,0.0
2024-11-27,LIBERTADOR GENERAL BERNARDO O'HIGGINS,24.9,9.8,0.0
2024-11-28,LIBERTADOR GENERAL BERNARDO O'HIGGINS,26.4,9.2,0.0
2024-11-29,LIBERTADOR GENERAL BERNARDO O'HIGGINS,28.9,12.3,0.0
2024-11-30,LIBERTADOR GENERAL BERNARDO O'HIGGINS,26.4,11.3,0.0
2024-12-01,LIBERTADOR GENERAL BERNARDO O'HIGGINS,24.6,11.1,0.0
2024-12-02,LIBERTADOR GENERAL BERNARDO O'HIGGINS,27.0,10.6,0.0
2024-12-03,LIBERTADOR GENERAL BERNARDO O'HIGGINS,26.5,11.1,0.0
2024-12-04,LIBERTADOR GENERAL BERNARDO O'HIGGINS,24.9,11.5,0.0
2024-12-05,LIBERTADOR GENERAL BERNARDO O'HIGGINS,22.1,9.1,0.0
2024-12-06,LIBERTADOR GENERAL BERNARDO O'HIGGINS,26.0,10.1,0.0
2024-12-07,LIBERTADOR GENERAL BERNARDO O'HIGGINS,26.2,12.4,0.0
2024-12-08,LIBERTADOR GENERAL BERNARDO O'HIGGINS,25.6,8.7,0.0
2024-12-09,LIBERTADOR GENERAL BERNARDO O'HIGGINS,30.1,9.8,0.0
2024-12-10,LIBERTADOR GENERAL BERNARDO O'HIGGINS,29.4,11.3,0.0
2024-12-11,LIBERTADOR GENERAL BERNARDO O'HIGGINS,31.5,11.4,0.0
2024-12-12,LIBERTADOR GENERAL BERNARDO O'HIGGINS,27.4,11.8,0.0
2024-12-13,LIBERTADOR GENERAL BERNARDO O'HIGGINS,31.0,13.6,0.0
2024-12-14,LIBERTADOR GENERAL BERNARDO O'HIGGINS,32.0,12.9,0.0
2024-12-15,LIBERTADOR GENERAL BERNARDO O'HIGGINS,27.6,11.9,0.0
2024-12-16,LIBERTADOR GENERAL BERNARDO O'HIGGINS,26.6,10.4,0.0
2024-12-17,LIBERTADOR GENERAL BERNARDO O'HIGGINS,26.7,11.0,0.0
2024-12-18,LIBERTADOR GENERAL BERNARDO O'HIGGINS,31.0,11.4,0.0
2024-12-19,LIBERTADOR GENERAL BERNARDO O'HIGGINS,31.9,15.6,0.0
2024-12-20,LIBERTADOR GENERAL BERNARDO O'HIGGINS,30.5,15.6,0.0
2024-12-21,LIBERTADOR GENERAL BERNARDO O'HIGGINS,33.0,15.8,0.0
2024-12-22,LIBERTADOR GENERAL BERNARDO O'HIGGINS,35.8,17.5,0.0
2024-12-23,LIBERTADOR GENERAL BERNARDO O'HIGGINS,32.8,16.8,0.0
2024-12-24,LIBERTADOR GENERAL BERNARDO O'HIGGINS,30.6,15.3,0.0
2024-12-25,LIBERTADOR GENERAL BERNARDO O'HIGGINS,27.5,13.3,0.0
2024-12-26,LIBERTADOR GENERAL BERNARDO O'HIGGINS,25.6,13.6,0.0
2024-12-27,LIBERTADOR GENERAL BERNARDO O'HIGGINS,27.0,13.2,0.0
2024-12-28,LIBERTADOR GENERAL BERNARDO O'HIGGINS,29.7,13.8,0.0
2024-12-29,LIBERTADOR GENERAL BERNARDO O'HIGGINS,31.9,12.8,0.0
2024-12-30,LIBERTADOR GENERAL BERNARDO O'HIGGINS,32.5,13.4,0.0
2024-12-31,LIBERTADOR GENERAL BERNARDO O'HIGGINS,31.6,15.4,0.0
2025-01-01,LIBERTADOR GENERAL BERNARDO O'HIGGINS,31.9,16.3,0.0
2025-01-02,LIBERTADOR GENERAL BERNARDO O'HIGGINS,32.2,14.1,0.0
2025-01-03,LIBERTADOR GENERAL BERNARDO O'HIGGINS,29.0,14.3,0.0
2025-01-04,LIBERTADOR GENERAL BERNARDO O'HIGGINS,30.5,13.4,0.0
2025-01-05,LIBERTADOR GENERAL BERNARDO O'HIGGINS,30.5,15.6,0.0
2025-01-06,LIBERTADOR GENERAL BERNARDO O'HIGGINS,29.4,15.2,0.0
2025-01-07,LIBERTADOR GENERAL BERNARDO O'HIGGINS,26.6,14.6,0.0
2025-01-08,LIBERTADOR GENERAL BERNARDO O'HIGGINS,30.0,13.3,0.0
2025-01-09,LIBERTADOR GENERAL BERNARDO O'HIGGINS,33.2,13.9,0.0
2025-01-10,LIBERTADOR GENERAL BERNARDO O'HIGGINS,34.5,15.8,0.0
2025-01-11,LIBERTADOR GENERAL BERNARDO O'HIGGINS,34.8,15.9,0.0
2025-01-12,LIBERTADOR GENERAL BERNARDO O'HIGGINS,27.0,15.6,0.0
2025-01-13,LIBERTADOR GENERAL BERNARDO O'HIGGINS,30.5,14.9,0.0
2025-01-14,LIBERTADOR GENERAL BERNARDO O'HIGGINS,30.8,12.9,0.0
2025-01-15,LIBERTADOR GENERAL BERNARDO O'HIGGINS,33.5,14.7,0.0
2025-01-16,LIBERTADOR GENERAL BERNARDO O'HIGGINS,32.0,16.2,0.0
2025-01-17,LIBERTADOR GENERAL BERNARDO O'HIGGINS,31.3,13.6,0.0
2025-01-18,LIBERTADOR GENERAL BERNARDO O'HIGGINS,29.5,12.6,0.0
2025-01-19,LIBERTADOR GENERAL BERNARDO O'HIGGINS,34.6,14.4,0.0
2025-01-20,LIBERTADOR GENERAL BERNARDO O'HIGGINS,31.0,12.9,0.0
2025-01-21,LIBERTADOR GENERAL BERNARDO O'HIGGINS,29.7,13.9,0.0
2025-01-22,LIBERTADOR GENERAL BERNARDO O'HIGGINS,28.5,12.6,0.0
2025-01-23,LIBERTADOR GENERAL BERNARDO O'HIGGINS,31.0,11.9,0.0
2025-01-24,LIBERTADOR GENERAL BERNARDO O'HIGGINS,33.0,15.3,0.0
2025-01-25,LIBERTADOR GENERAL BERNARDO O'HIGGINS,32.7,16.6,0.0
2025-01-26,LIBERTADOR GENERAL BERNARDO O'HIGGINS,31.8,15.4,0.0
2025-01-27,LIBERTADOR GENERAL BERNARDO O'HIGGINS,33.4,15.1,0.0
2025-01-28,LIBERTADOR GENERAL BERNARDO O'HIGGINS,34.0,15.8,0.0
2025-01-29,LIBERTADOR GENERAL BERNARDO O'HIGGINS,29.2,14.6,0.0
2025-01-30,LIBERTADOR GENERAL BERNARDO O'HIGGINS,29.2,13.4,0.0
2025-01-31,LIBERTADOR GENERAL BERNARDO O'HIGGINS,34.0,13.6,0.0
2025-02-01,LIBERTADOR GENERAL BERNARDO O'HIGGINS,32.5,16.0,0.0
2025-02-02,LIBERTADOR GENERAL BERNARDO O'HIGGINS,30.8,13.1,0.0
2025-02-03,LIBERTADOR GENERAL BERNARDO O'HIGGINS,32.3,15.1,0.0
2025-02-04,LIBERTADOR GENERAL BERNARDO O'HIGGINS,32.6,16.0,0.0
2025-02-05,LIBERTADOR GENERAL BERNARDO O'HIGGINS,33.0,15.9,0.0
2025-02-06,LIBERTADOR GENERAL BERNARDO O'HIGGINS,34.9,15.6,0.0
2025-02-07,LIBERTADOR GENERAL BERNARDO O'HIGGINS,29.5,15.6,0.0
2025-02-08,LIBERTADOR GENERAL BERNARDO O'HIGGINS,38.2,15.9,0.0
2025-02-09,LIBERTADOR GENERAL BERNARDO O'HIGGINS,29.6,18.0,0.0
2025-02-10,LIBERTADOR GENERAL BERNARDO O'HIGGINS,30.9,16.0,0.0
2025-02-11,LIBERTADOR GENERAL BERNARDO O'HIGGINS,31.5,15.7,0.0
2025-02-12,LIBERTADOR GENERAL BERNARDO O'HIGGINS,31.5,13.9,0.0
2025-02-13,LIBERTADOR GENERAL BERNARDO O'HIGGINS,32.3,14.4,0.0
2025-02-14,LIBERTADOR GENERAL BERNARDO O'HIGGINS,29.4,12.1,0.0
2025-02-15,LIBERTADOR GENERAL BERNARDO O'HIGGINS,27.0,10.4,0.0
2025-02-16,LIBERTADOR GENERAL BERNARDO O'HIGGINS,30.0,10.1,0.0
2025-02-17,LIBERTADOR GENERAL BERNARDO O'HIGGINS,31.8,13.1,0.0
2025-02-18,LIBERTADOR GENERAL BERNARDO O'HIGGINS,31.0,14.2,0.0
2025-02-19,LIBERTADOR GENERAL BERNARDO O'HIGGINS,25.0,12.3,0.0
2025-02-20,LIBERTADOR GENERAL BERNARDO O'HIGGINS,28.8,11.9,0.0
2025-02-21,LIBERTADOR GENERAL BERNARDO O'HIGGINS,32.0,12.8,0.0
2025-02-22,LIBERTADOR GENERAL BERNARDO O'HIGGINS,33.6,15.8,0.0
2025-02-23,LIBERTADOR GENERAL BERNARDO O'HIGGINS,34.1,15.6,0.0
2025-02-24,LIBERTADOR GENERAL BERNARDO O'HIGGINS,33.9,16.0,0.0
2025-02-25,LIBERTADOR GENERAL BERNARDO O'HIGGINS,33.2,16.7,0.0
2025-02-26,LIBERTADOR GENERAL BERNARDO O'HIGGINS,34.0,15.6,0.0
2025-02-27,LIBERTADOR GENERAL BERNARDO O'HIGGINS,27.2,14.1,0.0
2025-02-28,LIBERTADOR GENERAL BERNARDO O'HIGGINS,27.4,13.5,0.0
2025-03-01,LIBERTADOR GENERAL BERNARDO O'HIGGINS,28.0,14.2,0.0
2025-03-02,LIBERTADOR GENERAL BERNARDO O'HIGGINS,26.5,13.4,0.0
2025-03-03,LIBERTADOR GENERAL BERNARDO O'HIGGINS,29.2,12.7,0.0
2025-03-04,LIBERTADOR GENERAL BERNARDO O'HIGGINS,30.5,14.1,0.0
2025-03-05,LIBERTADOR GENERAL BERNARDO O'HIGGINS,29.6,13.9,0.0
2025-03-06,LIBERTADOR GENERAL BERNARDO O'HIGGINS,26.8,13.7,0.0
2025-03-07,LIBERTADOR GENERAL BERNARDO O'HIGGINS,26.8,12.8,0.0
2025-03-08,LIBERTADOR GENERAL BERNARDO O'HIGGINS,29.4,12.8,0.0
2025-03-09,LIBERTADOR GENERAL BERNARDO O'HIGGINS,30.5,12.4,0.0
2025-03-10,LIBERTADOR GENERAL BERNARDO O'HIGGINS,30.5,13.4,0.0
2025-03-11,LIBERTADOR GENERAL BERNARDO O'HIGGINS,30.2,14.3,0.0
2025-03-12,LIBERTADOR GENERAL BERNARDO O'HIGGINS,32.0,15.4,0.0
2025-03-13,LIBERTADOR GENERAL BERNARDO O'HIGGINS,29.1,14.4,0.0
2025-03-14,LIBERTADOR GENERAL BERNARDO O'HIGGINS,23.5,12.4,0.0
2025-03-15,LIBERTADOR GENERAL BERNARDO O'HIGGINS,24.5,13.7,0.0
2025-03-16,LIBERTADOR GENERAL BERNARDO O'HIGGINS,29.4,11.1,0.0
2025-03-17,LIBERTADOR GENERAL BERNARDO O'HIGGINS,31.2,13.4,0.0
2025-03-18,LIBERTADOR GENERAL BERNARDO O'HIGGINS,33.0,13.1,0.0
2025-03-19,LIBERTADOR GENERAL BERNARDO O'HIGGINS,24.0,12.1,0.0
2025-03-20,LIBERTADOR GENERAL BERNARDO O'HIGGINS,27.6,13.1,0.0
2025-03-21,LIBERTADOR GENERAL BERNARDO O'HIGGINS,30.0,13.8,0.0
2025-03-22,LIBERTADOR GENERAL BERNARDO O'HIGGINS,29.3,14.4,0.0
2025-03-23,LIBERTADOR GENERAL BERNARDO O'HIGGINS,25.0,12.1,0.0
2025-03-24,LIBERTADOR GENERAL BERNARDO O'HIGGINS,24.6,9.3,0.0
2025-03-25,LIBERTADOR GENERAL BERNARDO O'HIGGINS,20.6,11.5,0.1
2025-03-26,LIBERTADOR GENERAL BERNARDO O'HIGGINS,25.4,11.6,0.0
2025-03-27,LIBERTADOR GENERAL BERNARDO O'HIGGINS,22.4,11.2,0.0
2025-03-28,LIBERTADOR GENERAL BERNARDO O'HIGGINS,24.9,10.3,0.0
2025-03-29,LIBERTADOR GENERAL BERNARDO O'HIGGINS,22.9,10.8,0.0
2025-03-30,LIBERTADOR GENERAL BERNARDO O'HIGGINS,19.2,12.4,17.6
2025-03-31,LIBERTADOR GENERAL BERNARDO O'HIGGINS,21.0,6.9,0.0
2025-04-01,LIBERTADOR GENERAL BERNARDO O'HIGGINS,21.4,8.6,0.0
2025-04-02,LIBERTADOR GENERAL BERNARDO O'HIGGINS,22.1,7.5,0.0
2025-04-03,LIBERTADOR GENERAL BERNARDO O'HIGGINS,24.9,7.8,0.0
2025-04-04,LIBERTADOR GENERAL BERNARDO O'HIGGINS,23.5,11.9,0.0
2025-04-05,LIBERTADOR GENERAL BERNARDO O'HIGGINS,19.2,11.3,0.4
2025-04-06,LIBERTADOR GENERAL BERNARDO O'HIGGINS,20.4,11.0,0.0
2025-04-07,LIBERTADOR GENERAL BERNARDO O'HIGGINS,24.9,9.6,0.0
2025-04-08,LIBERTADOR GENERAL BERNARDO O'HIGGINS,22.2,11.3,0.0
2025-04-09,LIBERTADOR GENERAL BERNARDO O'HIGGINS,20.7,10.1,0.0
2025-04-10,LIBERTADOR GENERAL BERNARDO O'HIGGINS,17.1,10.8,0.0
2025-04-11,LIBERTADOR GENERAL BERNARDO O'HIGGINS,18.1,11.1,0.0
2025-04-12,LIBERTADOR GENERAL BERNARDO O'HIGGINS,21.9,5.6,0.0
2025-04-13,LIBERTADOR GENERAL BERNARDO O'HIGGINS,21.1,7.1,0.0
2025-04-14,LIBERTADOR GENERAL BERNARDO O'HIGGINS,19.2,7.2,0.0
2025-04-15,LIBERTADOR GENERAL BERNARDO O'HIGGINS,20.9,9.2,0.0
2025-04-16,LIBERTADOR GENERAL BERNARDO O'HIGGINS,22.2,7.6,0.0
2025-04-17,LIBERTADOR GENERAL BERNARDO O'HIGGINS,21.5,11.2,0.0
2025-04-18,LIBERTADOR GENERAL BERNARDO O'HIGGINS,23.0,6.8,0.0
2025-04-19,LIBERTADOR GENERAL BERNARDO O'HIGGINS,21.8,9.6,0.0
2025-04-20,LIBERTADOR GENERAL BERNARDO O'HIGGINS,20.1,8.4,0.0
2025-04-21,LIBERTADOR GENERAL BERNARDO O'HIGGINS,21.5,8.4,0.0
2025-04-22,LIBERTADOR GENERAL BERNARDO O'HIGGINS,23.0,9.9,0.0
2025-04-23,LIBERTADOR GENERAL BERNARDO O'HIGGINS,19.9,12.8,0.2
2025-04-24,LIBERTADOR GENERAL BERNARDO O'HIGGINS,19.7,12.1,0.0
2025-04-25,LIBERTADOR GENERAL BERNARDO O'HIGGINS,18.1,10.9,20.3
2025-04-26,LIBERTADOR GENERAL BERNARDO O'HIGGINS,18.2,7.5,0.0
2025-04-27,LIBERTADOR GENERAL BERNARDO O'HIGGINS,22.0,6.4,0.0
2025-04-28,LIBERTADOR GENERAL BERNARDO O'HIGGINS,20.4,8.1,0.0
2025-04-29,LIBERTADOR GENERAL BERNARDO O'HIGGINS,16.9,8.3,0.0
2025-04-30,LIBERTADOR GENERAL BERNARDO O'HIGGINS,16.7,9.0,0.1
2025-05-01,LIBERTADOR GENERAL BERNARDO O'HIGGINS,18.4,8.5,0.0
2025-05-02,LIBERTADOR GENERAL BERNARDO O'HIGGINS,19.6,6.9,0.0
2025-05-03,LIBERTADOR GENERAL BERNARDO O'HIGGINS,20.3,6.1,0.0
2025-05-04,LIBERTADOR GENERAL BERNARDO O'HIGGINS,20.2,8.4,0.0
2025-05-05,LIBERTADOR GENERAL BERNARDO O'HIGGINS,19.1,8.4,0.0
2025-05-06,LIBERTADOR GENERAL BERNARDO O'HIGGINS,16.0,7.4,0.2
2025-05-07,LIBERTADOR GENERAL BERNARDO O'HIGGINS,15.1,9.3,7.8
2025-05-08,LIBERTADOR GENERAL BERNARDO O'HIGGINS,16.2,8.4,9.5
2025-05-09,LIBERTADOR GENERAL BERNARDO O'HIGGINS,20.2,8.5,0.0
2025-05-10,LIBERTADOR GENERAL BERNARDO O'HIGGINS,23.4,7.8,0.0
2025-05-11,LIBERTADOR GENERAL BERNARDO O'HIGGINS,16.7,9.3,0.0
2025-05-12,LIBERTADOR GENERAL BERNARDO O'HIGGINS,18.8,9.8,0.0
2025-05-13,LIBERTADOR GENERAL BERNARDO O'HIGGINS,16.1,8.4,0.0
2025-05-14,LIBERTADOR GENERAL BERNARDO O'HIGGINS,18.8,6.6,0.0
2025-05-15,LIBERTADOR GENERAL BERNARDO O'HIGGINS,17.0,8.7,0.0
2025-05-16,LIBERTADOR GENERAL BERNARDO O'HIGGINS,14.7,6.5,0.0
2025-05-17,LIBERTADOR GENERAL BERNARDO O'HIGGINS,13.6,6.2,20.5
2025-05-18,LIBERTADOR GENERAL BERNARDO O'HIGGINS,17.5,7.9,2.6
2025-05-19,LIBERTADOR GENERAL BERNARDO O'HIGGINS,19.5,8.9,0.4
2025-05-20,LIBERTADOR GENERAL BERNARDO O'HIGGINS,20.0,10.6,0.0
2025-05-21,LIBERTADOR GENERAL BERNARDO O'HIGGINS,21.8,9.7,0.0
2025-05-22,LIBERTADOR GENERAL BERNARDO O'HIGGINS,17.2,8.2,0.0
2025-05-23,LIBERTADOR GENERAL BERNARDO O'HIGGINS,15.1,8.6,0.0
2025-05-24,LIBERTADOR GENERAL BERNARDO O'HIGGINS,19.1,6.2,0.0
2025-05-25,LIBERTADOR GENERAL BERNARDO O'HIGGINS,16.9,7.3,0.0
2025-05-26,LIBERTADOR GENERAL BERNARDO O'HIGGINS,14.6,10.1,28.5
2025-05-27,LIBERTADOR GENERAL BERNARDO O'HIGGINS,13.8,4.8,0.0
2025-05-28,LIBERTADOR GENERAL BERNARDO O'HIGGINS,16.4,2.0,0.0
2025-05-29,LIBERTADOR GENERAL BERNARDO O'HIGGINS,17.0,4.1,0.0
2025-05-30,LIBERTADOR GENERAL BERNARDO O'HIGGINS,16.8,5.3,0.0
2025-05-31,LIBERTADOR GENERAL BERNARDO O'HIGGINS,17.0,3.0,0.0
2025-06-01,LIBERTADOR GENERAL BERNARDO O'HIGGINS,18.2,3.4,0.0
2025-06-02,LIBERTADOR GENERAL BERNARDO O'HIGGINS,13.1,6.2,0.0
2025-06-03,LIBERTADOR GENERAL BERNARDO O'HIGGINS,13.4,8.1,0.0
2025-06-04,LIBERTADOR GENERAL BERNARDO O'HIGGINS,15.1,6.2,0.0
2025-06-05,LIBERTADOR GENERAL BERNARDO O'HIGGINS,16.2,5.1,0.0
2025-06-06,LIBERTADOR GENERAL BERNARDO O'HIGGINS,12.0,5.1,0.2
2025-06-07,LIBERTADOR GENERAL BERNARDO O'HIGGINS,15.4,5.9,0.0
2025-06-08,LIBERTADOR GENERAL BERNARDO O'HIGGINS,16.5,4.2,0.0
2025-06-09,LIBERTADOR GENERAL BERNARDO O'HIGGINS,16.6,4.3,0.0
2025-06-10,LIBERTADOR GENERAL BERNARDO O'HIGGINS,17.6,5.4,0.0
2025-06-11,LIBERTADOR GENERAL BERNARDO O'HIGGINS,13.9,7.3,0.0
2025-06-12,LIBERTADOR GENERAL BERNARDO O'HIGGINS,12.6,6.3,40.9
2025-06-13,LIBERTADOR GENERAL BERNARDO O'HIGGINS,13.2,3.5,0.0
2025-06-14,LIBERTADOR GENERAL BERNARDO O'HIGGINS,14.0,3.4,0.0
2025-06-15,LIBERTADOR GENERAL BERNARDO O'HIGGINS,14.5,8.6,37.3
2025-06-16,LIBERTADOR GENERAL BERNARDO O'HIGGINS,11.5,5.7,10.2
2025-06-17,LIBERTADOR GENERAL BERNARDO O'HIGGINS,13.5,5.3,3.0
2025-06-18,LIBERTADOR GENERAL BERNARDO O'HIGGINS,15.1,2.8,0.0
2025-06-19,LIBERTADOR GENERAL BERNARDO O'HIGGINS,13.8,2.5,0.0
2025-06-20,LIBERTADOR GENERAL BERNARDO O'HIGGINS,12.7,1.5,0.0
2025-06-21,LIBERTADOR GENERAL BERNARDO O'HIGGINS,12.9,3.3,3.7
2025-06-22,LIBERTADOR GENERAL BERNARDO O'HIGGINS,12.6,4.8,4.4
2025-06-23,LIBERTADOR GENERAL BERNARDO O'HIGGINS,12.6,0.2,0.0
2025-06-24,LIBERTADOR GENERAL BERNARDO O'HIGGINS,12.2,0.8,0.0
2025-06-25,LIBERTADOR GENERAL BERNARDO O'HIGGINS,11.8,3.3,0.0
2025-06-26,LIBERTADOR GENERAL BERNARDO O'HIGGINS,13.3,0.9,0.0
2025-06-27,LIBERTADOR GENERAL BERNARDO O'HIGGINS,9.9,1.6,0.6
2025-06-28,LIBERTADOR GENERAL BERNARDO O'HIGGINS,10.4,-0.4,0.4
2025-06-29,LIBERTADOR GENERAL BERNARDO O'HIGGINS,10.6,-1.1,0.0
2025-06-30,LIBERTADOR GENERAL BERNARDO O'HIGGINS,12.0,-0.9,0.0
2025-07-01,LIBERTADOR GENERAL BERNARDO O'HIGGINS,13.8,1.8,0.3
2025-07-02,LIBERTADOR GENERAL BERNARDO O'HIGGINS,17.0,2.5,0.0
2025-07-03,LIBERTADOR GENERAL BERNARDO O'HIGGINS,17.6,2.2,0.0
2025-07-04,LIBERTADOR GENERAL BERNARDO O'HIGGINS,13.9,2.1,0.0
2025-07-05,LIBERTADOR GENERAL BERNARDO O'HIGGINS,15.1,4.1,0.9
2025-07-06,LIBERTADOR GENERAL BERNARDO O'HIGGINS,16.9,6.4,0.4
2025-07-07,LIBERTADOR GENERAL BERNARDO O'HIGGINS,17.6,5.3,0.0
2025-07-08,LIBERTADOR GENERAL BERNARDO O'HIGGINS,14.9,5.4,0.0
2025-07-09,LIBERTADOR GENERAL BERNARDO O'HIGGINS,11.8,4.8,0.0
2025-07-10,LIBERTADOR GENERAL BERNARDO O'HIGGINS,13.1,3.2,0.0
2025-07-11,LIBERTADOR GENERAL BERNARDO O'HIGGINS,12.6,1.4,0.0
2025-07-12,LIBERTADOR GENERAL BERNARDO O'HIGGINS,8.9,0.9,0.0
2025-07-13,LIBERTADOR GENERAL BERNARDO O'HIGGINS,10.4,0.9,0.0
2025-07-14,LIBERTADOR GENERAL BERNARDO O'HIGGINS,11.8,3.8,0.0
2025-07-15,LIBERTADOR GENERAL BERNARDO O'HIGGINS,9.6,2.5,0.5
2025-07-16,LIBERTADOR GENERAL BERNARDO O'HIGGINS,13.3,-0.2,0.0
2025-07-17,LIBERTADOR GENERAL BERNARDO O'HIGGINS,16.5,0.9,0.0
2025-07-18,LIBERTADOR GENERAL BERNARDO O'HIGGINS,16.2,2.7,0.0
2025-07-19,LIBERTADOR GENERAL BERNARDO O'HIGGINS,15.4,1.9,0.0
2025-07-20,LIBERTADOR GENERAL BERNARDO O'HIGGINS,15.4,3.2,0.0
2025-07-21,LIBERTADOR GENERAL BERNARDO O'HIGGINS,17.7,5.6,0.0
2025-07-22,LIBERTADOR GENERAL BERNARDO O'HIGGINS,17.7,4.1,0.0
2025-07-23,LIBERTADOR GENERAL BERNARDO O'HIGGINS,12.8,5.4,0.0
2025-07-24,LIBERTADOR GENERAL BERNARDO O'HIGGINS,14.4,5.8,1.1
2025-07-25,LIBERTADOR GENERAL BERNARDO O'HIGGINS,14.1,6.1,3.4
2025-07-26,LIBERTADOR GENERAL BERNARDO O'HIGGINS,12.6,6.2,0.0
2025-07-27,LIBERTADOR GENERAL BERNARDO O'HIGGINS,14.0,6.6,0.4
2025-07-28,LIBERTADOR GENERAL BERNARDO O'HIGGINS,18.6,7.6,0.0
2025-07-29,LIBERTADOR GENERAL BERNARDO O'HIGGINS,16.6,9.6,0.0
2025-07-30,LIBERTADOR GENERAL BERNARDO O'HIGGINS,15.6,9.6,5.0
2025-07-31,LIBERTADOR GENERAL BERNARDO O'HIGGINS,12.4,9.4,73.0
2025-08-01,LIBERTADOR GENERAL BERNARDO O'HIGGINS,12.1,8.1,28.7
2025-08-02,LIBERTADOR GENERAL BERNARDO O'HIGGINS,12.4,4.6,37.2
2025-08-03,LIBERTADOR GENERAL BERNARDO O'HIGGINS,13.6,2.0,0.0
2025-08-04,LIBERTADOR GENERAL BERNARDO O'HIGGINS,17.5,3.6,0.0
2025-08-05,LIBERTADOR GENERAL BERNARDO O'HIGGINS,18.8,5.4,0.0
2025-08-06,LIBERTADOR GENERAL BERNARDO O'HIGGINS,17.4,5.8,0.0
2025-08-07,LIBERTADOR GENERAL BERNARDO O'HIGGINS,15.4,5.8,0.0
2025-08-08,LIBERTADOR GENERAL BERNARDO O'HIGGINS,17.5,5.9,0.0
2025-08-09,LIBERTADOR GENERAL BERNARDO O'HIGGINS,12.6,7.6,0.3
2025-08-10,LIBERTADOR GENERAL BERNARDO O'HIGGINS,16.9,4.5,0.0
2025-08-11,LIBERTADOR GENERAL BERNARDO O'HIGGINS,22.8,5.4,0.0
2025-08-12,LIBERTADOR GENERAL BERNARDO O'HIGGINS,17.5,9.9,0.0
2025-08-13,LIBERTADOR GENERAL BERNARDO O'HIGGINS,20.8,8.9,0.0
2025-08-14,LIBERTADOR GENERAL BERNARDO O'HIGGINS,15.1,7.8,0.0
2025-08-15,LIBERTADOR GENERAL BERNARDO O'HIGGINS,15.1,9.1,9.7
2025-08-16,LIBERTADOR GENERAL BERNARDO O'HIGGINS,18.2,6.7,0.0
2025-08-17,LIBERTADOR GENERAL BERNARDO O'HIGGINS,16.0,7.2,0.0
2025-08-18,LIBERTADOR GENERAL BERNARDO O'HIGGINS,15.4,6.4,0.1
2025-08-19,LIBERTADOR GENERAL BERNARDO O'HIGGINS,16.8,7.3,2.7
2025-08-20,LIBERTADOR GENERAL BERNARDO O'HIGGINS,18.0,6.1,0.1
2025-08-21,LIBERTADOR GENERAL BERNARDO O'HIGGINS,12.5,6.4,22.6
2025-08-22,LIBERTADOR GENERAL BERNARDO O'HIGGINS,8.8,0.8,12.8
2025-08-23,LIBERTADOR GENERAL BERNARDO O'HIGGINS,13.1,-1.2,0.0
2025-08-24,LIBERTADOR GENERAL BERNARDO O'HIGGINS,15.3,-0.3,0.0
2025-08-25,LIBERTADOR GENERAL BERNARDO O'HIGGINS,18.8,3.7,0.0
2025-08-26,LIBERTADOR GENERAL BERNARDO O'HIGGINS,21.7,5.8,0.0
2025-08-27,LIBERTADOR GENERAL BERNARDO O'HIGGINS,16.8,7.8,0.0
2025-08-28,LIBERTADOR GENERAL BERNARDO O'HIGGINS,13.9,9.4,0.4
2025-08-29,LIBERTADOR GENERAL BERNARDO O'HIGGINS,14.6,8.8,0.7
2025-08-30,LIBERTADOR GENERAL BERNARDO O'HIGGINS,16.0,7.6,1.9
2025-08-31,LIBERTADOR GENERAL BERNARDO O'HIGGINS,15.1,8.4,2.2
2025-09-01,LIBERTADOR GENERAL BERNARDO O'HIGGINS,18.1,5.9,0.0
2025-09-02,LIBERTADOR GENERAL BERNARDO O'HIGGINS,13.6,7.9,0.0
2025-09-03,LIBERTADOR GENERAL BERNARDO O'HIGGINS,15.9,5.1,0.1
2025-09-04,LIBERTADOR GENERAL BERNARDO O'HIGGINS,16.7,1.3,0.0
2025-09-05,LIBERTADOR GENERAL BERNARDO O'HIGGINS,16.1,4.2,0.0
2025-09-06,LIBERTADOR GENERAL BERNARDO O'HIGGINS,14.4,7.3,0.2
2025-09-07,LIBERTADOR GENERAL BERNARDO O'HIGGINS,14.0,7.6,0.0
2025-09-08,LIBERTADOR GENERAL BERNARDO O'HIGGINS,17.0,8.5,0.0
2025-09-09,LIBERTADOR GENERAL BERNARDO O'HIGGINS,19.4,5.1,0.0
2025-09-10,LIBERTADOR GENERAL BERNARDO O'HIGGINS,20.4,8.9,9.2
2025-09-11,LIBERTADOR GENERAL BERNARDO O'HIGGINS,21.1,5.4,0.0
2025-09-12,LIBERTADOR GENERAL BERNARDO O'HIGGINS,19.9,7.9,0.0
2025-09-13,LIBERTADOR GENERAL BERNARDO O'HIGGINS,16.5,4.4,2.9
2025-09-14,LIBERTADOR GENERAL BERNARDO O'HIGGINS,17.4,7.2,0.0
2025-09-15,LIBERTADOR GENERAL BERNARDO O'HIGGINS,20.9,4.8,0.0
2025-09-16,LIBERTADOR GENERAL BERNARDO O'HIGGINS,21.6,6.4,0.0
2025-09-17,LIBERTADOR GENERAL BERNARDO O'HIGGINS,18.2,8.6,0.2
2025-09-18,LIBERTADOR GENERAL BERNARDO O'HIGGINS,18.5,7.7,0.1
2025-09-19,LIBERTADOR GENERAL BERNARDO O'HIGGINS,18.8,7.7,0.0
2025-09-20,LIBERTADOR GENERAL BERNARDO O'HIGGINS,13.3,8.8,29.4
2025-09-21,LIBERTADOR GENERAL BERNARDO O'HIGGINS,12.3,6.2,21.0
2025-09-22,LIBERTADOR GENERAL BERNARDO O'HIGGINS,19.5,3.7,0.0
2025-09-23,LIBERTADOR GENERAL BERNARDO O'HIGGINS,19.9,4.8,0.0
2025-09-24,LIBERTADOR GENERAL BERNARDO O'HIGGINS,24.4,8.2,0.0
2025-09-25,LIBERTADOR GENERAL BERNARDO O'HIGGINS,20.2,8.4,0.0
2025-09-26,LIBERTADOR GENERAL BERNARDO O'HIGGINS,12.2,5.8,14.1
2025-09-27,LIBERTADOR GENERAL BERNARDO O'HIGGINS,19.5,3.5,0.1
2025-09-28,LIBERTADOR GENERAL BERNARDO O'HIGGINS,20.1,6.2,0.0
2025-09-29,LIBERTADOR GENERAL BERNARDO O'HIGGINS,19.1,10.6,0.0
2025-09-30,LIBERTADOR GENERAL BERNARDO O'HIGGINS,21.8,7.0,0.0
2025-10-01,LIBERTADOR GENERAL BERNARDO O'HIGGINS,23.5,6.6,0.0
2025-10-02,LIBERTADOR GENERAL BERNARDO O'HIGGINS,25.0,8.1,0.0
2025-10-03,LIBERTADOR GENERAL BERNARDO O'HIGGINS,18.0,7.6,0.0
2025-10-04,LIBERTADOR GENERAL BERNARDO O'HIGGINS,15.2,10.1,11.5
2025-10-05,LIBERTADOR GENERAL BERNARDO O'HIGGINS,15.1,7.9,6.6
2025-10-06,LIBERTADOR GENERAL BERNARDO O'HIGGINS,19.2,4.6,0.0
2025-10-07,LIBERTADOR GENERAL BERNARDO O'HIGGINS,21.3,4.9,0.0
2025-10-08,LIBERTADOR GENERAL BERNARDO O'HIGGINS,24.2,8.9,0.0
2025-10-09,LIBERTADOR GENERAL BERNARDO O'HIGGINS,24.5,9.5,0.0
2025-10-10,LIBERTADOR GENERAL BERNARDO O'HIGGINS,19.9,10.4,0.0
2025-10-11,LIBERTADOR GENERAL BERNARDO O'HIGGINS,18.8,8.1,0.1
2025-10-12,LIBERTADOR GENERAL BERNARDO O'HIGGINS,21.8,4.9,0.0
2025-10-13,LIBERTADOR GENERAL BERNARDO O'HIGGINS,23.1,6.5,0.0
2025-10-14,LIBERTADOR GENERAL BERNARDO O'HIGGINS,20.4,8.7,0.0
2025-10-15,LIBERTADOR GENERAL BERNARDO O'HIGGINS,20.8,9.9,0.0
2025-10-16,LIBERTADOR GENERAL BERNARDO O'HIGGINS,23.0,8.4,0.0
2025-10-17,LIBERTADOR GENERAL BERNARDO O'HIGGINS,25.1,6.9,0.0
2025-10-18,LIBERTADOR GENERAL BERNARDO O'HIGGINS,26.6,8.6,0.0
2025-10-19,LIBERTADOR GENERAL BERNARDO O'HIGGINS,22.8,9.8,0.0
2025-10-20,LIBERTADOR GENERAL BERNARDO O'HIGGINS,25.0,6.6,0.0
2025-10-21,LIBERTADOR GENERAL BERNARDO O'HIGGINS,23.8,10.5,0.0
2025-10-22,LIBERTADOR GENERAL BERNARDO O'HIGGINS,25.3,8.5,0.0
2025-10-23,LIBERTADOR GENERAL BERNARDO O'HIGGINS,20.1,9.1,0.0
2025-10-24,LIBERTADOR GENERAL BERNARDO O'HIGGINS,20.6,8.6,0.0
2025-10-25,LIBERTADOR GENERAL BERNARDO O'HIGGINS,21.8,6.9,0.0
2025-10-26,LIBERTADOR GENERAL BERNARDO O'HIGGINS,24.3,6.7,0.0
2025-10-27,LIBERTADOR GENERAL BERNARDO O'HIGGINS,23.5,11.5,0.0
2025-10-28,LIBERTADOR GENERAL BERNARDO O'HIGGINS,26.8,9.7,0.0
2025-10-29,LIBERTADOR GENERAL BERNARDO O'HIGGINS,26.8,11.4,0.0
2025-10-30,LIBERTADOR GENERAL BERNARDO O'HIGGINS,27.2,9.8,0.0
2025-10-31,LIBERTADOR GENERAL BERNARDO O'HIGGINS,21.8,8.0,0.0
2025-11-01,LIBERTADOR GENERAL BERNARDO O'HIGGINS,25.5,8.2,0.0
2025-11-02,LIBERTADOR GENERAL BERNARDO O'HIGGINS,27.1,9.9,0.0
2025-11-03,LIBERTADOR GENERAL BERNARDO O'HIGGINS,20.2,9.6,0.0
2025-11-04,LIBERTADOR GENERAL BERNARDO O'HIGGINS,24.4,11.6,0.0
2025-11-05,LIBERTADOR GENERAL BERNARDO O'HIGGINS,25.1,9.6,0.0
2025-11-06,LIBERTADOR GENERAL BERNARDO O'HIGGINS,17.6,10.9,8.1
2025-11-07,LIBERTADOR GENERAL BERNARDO O'HIGGINS,23.4,7.8,0.0
2025-11-08,LIBERTADOR GENERAL BERNARDO O'HIGGINS,24.8,9.1,0.0
2025-11-09,LIBERTADOR GENERAL BERNARDO O'HIGGINS,22.8,12.1,0.0
2025-11-10,LIBERTADOR GENERAL BERNARDO O'HIGGINS,23.2,8.2,0.0
2025-11-11,LIBERTADOR GENERAL BERNARDO O'HIGGINS,24.0,7.3,0.0
2025-11-12,LIBERTADOR GENERAL BERNARDO O'HIGGINS,27.2,8.8,0.0
2025-11-13,LIBERTADOR GENERAL BERNARDO O'HIGGINS,29.9,9.9,0.0
2025-11-14,LIBERTADOR GENERAL BERNARDO O'HIGGINS,25.9,12.5,0.0
2025-11-15,LIBERTADOR GENERAL BERNARDO O'HIGGINS,24.5,10.5,0.0
2025-11-16,LIBERTADOR GENERAL BERNARDO O'HIGGINS,26.8,11.5,0.4
2025-11-17,LIBERTADOR GENERAL BERNARDO O'HIGGINS,29.9,11.4,0.0
2025-11-18,LIBERTADOR GENERAL BERNARDO O'HIGGINS,30.6,14.2,0.0
2025-11-19,LIBERTADOR GENERAL BERNARDO O'HIGGINS,29.5,12.9,0.0
2025-11-20,LIBERTADOR GENERAL BERNARDO O'HIGGINS,25.0,12.6,0.0
2025-11-21,LIBERTADOR GENERAL BERNARDO O'HIGGINS,32.0,12.1,0.0
2025-11-22,LIBERTADOR GENERAL BERNARDO O'HIGGINS,30.9,12.1,0.0
2025-11-23,LIBERTADOR GENERAL BERNARDO O'HIGGINS,28.0,11.8,0.0
2025-11-24,LIBERTADOR GENERAL BERNARDO O'HIGGINS,25.2,12.1,0.0
2025-11-25,LIBERTADOR GENERAL BERNARDO O'HIGGINS,22.1,12.6,0.0
2025-11-26,LIBERTADOR GENERAL BERNARDO O'HIGGINS,22.1,12.9,0.0
2025-11-27,LIBERTADOR GENERAL BERNARDO O'HIGGINS,27.1,11.1,0.0
2025-11-28,LIBERTADOR GENERAL BERNARDO O'HIGGINS,23.7,10.7,0.0
2025-11-29,LIBERTADOR GENERAL BERNARDO O'HIGGINS,24.2,10.6,0.0
2025-11-30,LIBERTADOR GENERAL BERNARDO O'HIGGINS,25.5,11.4,0.0
2025-12-01,LIBERTADOR GENERAL BERNARDO O'HIGGINS,28.0,11.4,0.0
2025-12-02,LIBERTADOR GENERAL BERNARDO O'HIGGINS,30.4,12.4,0.0
2025-12-03,LIBERTADOR GENERAL BERNARDO O'HIGGINS,33.2,14.2,0.0
2025-12-04,LIBERTADOR GENERAL BERNARDO O'HIGGINS,30.8,14.4,0.0
2025-12-05,LIBERTADOR GENERAL BERNARDO O'HIGGINS,32.0,13.5,0.0
2025-12-06,LIBERTADOR GENERAL BERNARDO O'HIGGINS,25.6,13.6,0.0
2025-12-07,LIBERTADOR GENERAL BERNARDO O'HIGGINS,26.0,15.2,1.5
2025-12-08,LIBERTADOR GENERAL BERNARDO O'HIGGINS,31.6,13.7,0.0
2025-12-09,LIBERTADOR GENERAL BERNARDO O'HIGGINS,26.5,14.0,0.0
2025-12-10,LIBERTADOR GENERAL BERNARDO O'HIGGINS,25.5,12.1,0.0
2025-12-11,LIBERTADOR GENERAL BERNARDO O'HIGGINS,23.5,13.4,0.0
2025-12-12,LIBERTADOR GENERAL BERNARDO O'HIGGINS,26.9,13.6,0.0
2025-12-13,LIBERTADOR GENERAL BERNARDO O'HIGGINS,23.8,11.9,4.0
2025-12-14,LIBERTADOR GENERAL BERNARDO O'HIGGINS,23.2,12.1,0.7
2025-12-15,LIBERTADOR GENERAL BERNARDO O'HIGGINS,28.2,10.4,0.0
2025-12-16,LIBERTADOR GENERAL BERNARDO O'HIGGINS,32.5,12.2,0.0
2025-12-17,LIBERTADOR GENERAL BERNARDO O'HIGGINS,27.0,14.4,0.0
2025-12-18,LIBERTADOR GENERAL BERNARDO O'HIGGINS,30.2,13.6,0.0
2025-12-19,LIBERTADOR GENERAL BERNARDO O'HIGGINS,25.8,12.4,0.0
2025-12-20,LIBERTADOR GENERAL BERNARDO O'HIGGINS,23.0,11.9,0.1
2025-12-21,LIBERTADOR GENERAL BERNARDO O'HIGGINS,26.9,12.4,0.0
2025-12-22,LIBERTADOR GENERAL BERNARDO O'HIGGINS,27.5,12.5,0.0
2025-12-23,LIBERTADOR GENERAL BERNARDO O'HIGGINS,30.7,11.9,0.0
2025-12-24,LIBERTADOR GENERAL BERNARDO O'HIGGINS,31.1,13.9,0.0
2025-12-25,LIBERTADOR GENERAL BERNARDO O'HIGGINS,33.3,14.5,0.0
2025-12-26,LIBERTADOR GENERAL BERNARDO O'HIGGINS,28.9,13.2,0.0
2025-12-27,LIBERTADOR GENERAL BERNARDO O'HIGGINS,32.2,13.8,0.0
2025-12-28,LIBERTADOR GENERAL BERNARDO O'HIGGINS,33.0,13.8,0.0
2025-12-29,LIBERTADOR GENERAL BERNARDO O'HIGGINS,34.3,15.0,0.0
2025-12-30,LIBERTADOR GENERAL BERNARDO O'HIGGINS,34.9,14.0,0.0
2025-12-31,LIBERTADOR GENERAL BERNARDO O'HIGGINS,34.0,16.6,0.0
2026-01-01,LIBERTADOR GENERAL BERNARDO O'HIGGINS,28.2,15.1,0.0
2026-01-02,LIBERTADOR GENERAL BERNARDO O'HIGGINS,26.0,14.1,0.0
2026-01-03,LIBERTADOR GENERAL BERNARDO O'HIGGINS,27.1,13.9,0.0
2026-01-04,LIBERTADOR GENERAL BERNARDO O'HIGGINS,22.0,13.7,0.4
2026-01-05,LIBERTADOR GENERAL BERNARDO O'HIGGINS,20.9,14.7,0.7
2026-01-06,LIBERTADOR GENERAL BERNARDO O'HIGGINS,29.0,13.6,0.0
2026-01-07,LIBERTADOR GENERAL BERNARDO O'HIGGINS,29.2,13.9,0.0
2026-01-08,LIBERTADOR GENERAL BERNARDO O'HIGGINS,25.1,14.9,0.4
2026-01-09,LIBERTADOR GENERAL BERNARDO O'HIGGINS,32.2,15.6,0.0
2026-01-10,LIBERTADOR GENERAL BERNARDO O'HIGGINS,34.6,13.9,0.0
2026-01-11,LIBERTADOR GENERAL BERNARDO O'HIGGINS,34.5,13.6,0.0
2026-01-12,LIBERTADOR GENERAL BERNARDO O'HIGGINS,31.0,13.3,0.0
2026-01-13,LIBERTADOR GENERAL BERNARDO O'HIGGINS,33.2,14.9,0.0
2026-01-14,LIBERTADOR GENERAL BERNARDO O'HIGGINS,24.4,13.1,0.0
2026-01-15,LIBERTADOR GENERAL BERNARDO O'HIGGINS,29.6,12.1,0.0
2026-01-16,LIBERTADOR GENERAL BERNARDO O'HIGGINS,33.3,13.4,0.0
2026-01-17,LIBERTADOR GENERAL BERNARDO O'HIGGINS,33.7,15.1,0.0
2026-01-18,LIBERTADOR GENERAL BERNARDO O'HIGGINS,31.0,15.6,0.0
2026-01-19,LIBERTADOR GENERAL BERNARDO O'HIGGINS,28.4,13.9,0.0
2026-01-20,LIBERTADOR GENERAL BERNARDO O'HIGGINS,26.1,12.9,0.0
2026-01-21,LIBERTADOR GENERAL BERNARDO O'HIGGINS,26.5,13.1,0.0
2026-01-22,LIBERTADOR GENERAL BERNARDO O'HIGGINS,31.1,12.4,0.0
2026-01-23,LIBERTADOR GENERAL BERNARDO O'HIGGINS,31.0,14.7,0.0
2026-01-24,LIBERTADOR GENERAL BERNARDO O'HIGGINS,29.1,13.1,0.0
2026-01-25,LIBERTADOR GENERAL BERNARDO O'HIGGINS,23.8,12.7,0.3
2026-01-26,LIBERTADOR GENERAL BERNARDO O'HIGGINS,29.8,11.9,0.0
2026-01-27,LIBERTADOR GENERAL BERNARDO O'HIGGINS,30.5,13.1,0.0
2026-01-28,LIBERTADOR GENERAL BERNARDO O'HIGGINS,34.9,15.1,0.0
2026-01-29,LIBERTADOR GENERAL BERNARDO O'HIGGINS,27.7,16.9,0.0
2026-01-30,LIBERTADOR GENERAL BERNARDO O'HIGGINS,29.8,18.0,0.0
2026-01-31,LIBERTADOR GENERAL BERNARDO O'HIGGINS,28.1,16.2,0.2
2026-02-01,LIBERTADOR GENERAL BERNARDO O'HIGGINS,28.5,16.2,0.0
2026-02-02,LIBERTADOR GENERAL BERNARDO O'HIGGINS,26.0,16.6,0.0
2026-02-03,LIBERTADOR GENERAL BERNARDO O'HIGGINS,28.0,16.6,0.0
2026-02-04,LIBERTADOR GENERAL BERNARDO O'HIGGINS,27.5,15.1,0.0
2026-02-05,LIBERTADOR GENERAL BERNARDO O'HIGGINS,30.2,14.9,0.0
2026-02-06,LIBERTADOR GENERAL BERNARDO O'HIGGINS,33.0,15.8,0.0
2026-02-07,LIBERTADOR GENERAL BERNARDO O'HIGGINS,33.2,14.8,0.0
2026-02-08,LIBERTADOR GENERAL BERNARDO O'HIGGINS,28.8,11.1,0.0
2026-02-09,LIBERTADOR GENERAL BERNARDO O'HIGGINS,30.9,13.4,0.0
2026-02-10,LIBERTADOR GENERAL BERNARDO O'HIGGINS,29.1,13.9,0.0
2026-02-11,LIBERTADOR GENERAL BERNARDO O'HIGGINS,29.5,12.6,0.0
2026-02-12,LIBERTADOR GENERAL BERNARDO O'HIGGINS,30.9,12.4,0.0
2026-02-13,LIBERTADOR GENERAL BERNARDO O'HIGGINS,32.5,13.6,0.0
2026-02-14,LIBERTADOR GENERAL BERNARDO O'HIGGINS,29.3,14.7,0.0
2026-02-15,LIBERTADOR GENERAL BERNARDO O'HIGGINS,29.6,12.3,0.0
2026-02-16,LIBERTADOR GENERAL BERNARDO O'HIGGINS,29.7,11.1,0.0
2026-02-17,LIBERTADOR GENERAL BERNARDO O'HIGGINS,32.2,12.6,0.0
2026-02-18,LIBERTADOR GENERAL BERNARDO O'HIGGINS,31.1,15.3,0.0
2026-02-19,LIBERTADOR GENERAL BERNARDO O'HIGGINS,33.7,13.7,0.0
2026-02-20,LIBERTADOR GENERAL BERNARDO O'HIGGINS,26.4,12.9,0.0
2026-02-21,LIBERTADOR GENERAL BERNARDO O'HIGGINS,32.2,13.1,0.0
2026-02-22,LIBERTADOR GENERAL BERNARDO O'HIGGINS,32.5,14.6,0.0
2026-02-23,LIBERTADOR GENERAL BERNARDO O'HIGGINS,33.8,13.4,0.0
2026-02-24,LIBERTADOR GENERAL BERNARDO O'HIGGINS,33.3,16.1,0.0
2026-02-25,LIBERTADOR GENERAL BERNARDO O'HIGGINS,29.5,12.4,0.0
2026-02-26,LIBERTADOR GENERAL BERNARDO O'HIGGINS,30.1,10.6,0.0
2026-02-27,LIBERTADOR GENERAL BERNARDO O'HIGGINS,29.5,12.9,0.0
2026-02-28,LIBERTADOR GENERAL BERNARDO O'HIGGINS,31.9,13.2,0.0
2026-03-01,LIBERTADOR GENERAL BERNARDO O'HIGGINS,31.1,14.1,0.0
2026-03-02,LIBERTADOR GENERAL BERNARDO O'HIGGINS,24.8,16.3,1.6
2026-03-03,LIBERTADOR GENERAL BERNARDO O'HIGGINS,28.5,13.2,0.0
2026-03-04,LIBERTADOR GENERAL BERNARDO O'HIGGINS,30.5,11.8,0.0
2026-03-05,LIBERTADOR GENERAL BERNARDO O'HIGGINS,29.4,12.4,0.0
2026-03-06,LIBERTADOR GENERAL BERNARDO O'HIGGINS,30.9,12.9,0.0
2026-03-07,LIBERTADOR GENERAL BERNARDO O'HIGGINS,25.1,13.0,0.0
2026-03-08,LIBERTADOR GENERAL BERNARDO O'HIGGINS,26.9,12.9,0.0
2026-03-09,LIBERTADOR GENERAL BERNARDO O'HIGGINS,30.0,13.4,0.0
2026-03-10,LIBERTADOR GENERAL BERNARDO O'HIGGINS,31.6,15.0,0.0
2026-03-11,LIBERTADOR GENERAL BERNARDO O'HIGGINS,30.2,12.6,0.0
2026-03-12,LIBERTADOR GENERAL BERNARDO O'HIGGINS,31.4,13.3,0.0
2026-03-13,LIBERTADOR GENERAL BERNARDO O'HIGGINS,29.0,13.2,0.0
2026-03-14,LIBERTADOR GENERAL BERNARDO O'HIGGINS,27.0,12.1,0.0
2026-03-15,LIBERTADOR GENERAL BERNARDO O'HIGGINS,26.8,12.9,0.0
2026-03-16,LIBERTADOR GENERAL BERNARDO O'HIGGINS,20.5,15.2,41.5
2026-03-17,LIBERTADOR GENERAL BERNARDO O'HIGGINS,24.4,13.8,1.0
2026-03-18,LIBERTADOR GENERAL BERNARDO O'HIGGINS,25.3,11.6,0.0
2026-03-19,LIBERTADOR GENERAL BERNARDO O'HIGGINS,22.9,10.1,0.0
2026-03-20,LIBERTADOR GENERAL BERNARDO O'HIGGINS,15.1,10.3,16.0
2026-03-21,LIBERTADOR GENERAL BERNARDO O'HIGGINS,20.5,7.7,0.1
2026-03-22,LIBERTADOR GENERAL BERNARDO O'HIGGINS,14.8,10.9,3.6
2026-03-23,LIBERTADOR GENERAL BERNARDO O'HIGGINS,21.8,7.5,0.0
2026-03-24,LIBERTADOR GENERAL BERNARDO O'HIGGINS,23.2,7.5,0.0
2026-03-25,LIBERTADOR GENERAL BERNARDO O'HIGGINS,21.6,8.1,0.0
2026-03-26,LIBERTADOR GENERAL BERNARDO O'HIGGINS,22.9,8.2,0.0
2026-03-27,LIBERTADOR GENERAL BERNARDO O'HIGGINS,23.7,10.2,0.0
2026-03-28,LIBERTADOR GENERAL BERNARDO O'HIGGINS,21.5,9.0,0.0
2026-03-29,LIBERTADOR GENERAL BERNARDO O'HIGGINS,24.1,8.6,0.0
2026-03-30,LIBERTADOR GENERAL BERNARDO O'HIGGINS,25.6,10.3,0.0
2026-03-31,LIBERTADOR GENERAL BERNARDO O'HIGGINS,25.4,12.3,0.0
2026-04-01,LIBERTADOR GENERAL BERNARDO O'HIGGINS,23.6,13.4,0.0
2026-04-02,LIBERTADOR GENERAL BERNARDO O'HIGGINS,24.0,9.1,0.0
2026-04-03,LIBERTADOR GENERAL BERNARDO O'HIGGINS,24.5,8.6,0.0
2026-04-04,LIBERTADOR GENERAL BERNARDO O'HIGGINS,25.4,9.7,0.0
2026-04-05,LIBERTADOR GENERAL BERNARDO O'HIGGINS,21.1,8.1,0.0
2026-04-06,LIBERTADOR GENERAL BERNARDO O'HIGGINS,23.0,9.1,0.0
2026-04-07,LIBERTADOR GENERAL BERNARDO O'HIGGINS,25.0,9.4,0.0
2026-04-08,LIBERTADOR GENERAL BERNARDO O'HIGGINS,22.8,9.6,0.0
2026-04-09,LIBERTADOR GENERAL BERNARDO O'HIGGINS,21.3,9.4,0.0
2026-04-10,LIBERTADOR GENERAL BERNARDO O'HIGGINS,18.5,10.4,0.4
2026-04-11,LIBERTADOR GENERAL BERNARDO O'HIGGINS,21.3,11.4,0.0
2026-04-12,LIBERTADOR GENERAL BERNARDO O'HIGGINS,21.4,8.4,0.0
2026-04-13,LIBERTADOR GENERAL BERNARDO O'HIGGINS,23.0,8.6,0.0
2026-04-14,LIBERTADOR GENERAL BERNARDO O'HIGGINS,17.0,9.6,0.2
2026-04-15,LIBERTADOR GENERAL BERNARDO O'HIGGINS,24.7,7.1,0.0
2026-04-16,LIBERTADOR GENERAL BERNARDO O'HIGGINS,20.5,9.6,0.8
2026-04-17,LIBERTADOR GENERAL BERNARDO O'HIGGINS,22.1,12.2,4.3
2026-04-18,LIBERTADOR GENERAL BERNARDO O'HIGGINS,20.8,13.6,0.0
2026-04-19,LIBERTADOR GENERAL BERNARDO O'HIGGINS,19.2,10.9,13.1
2026-04-20,LIBERTADOR GENERAL BERNARDO O'HIGGINS,16.7,8.9,23.9
2026-04-21,LIBERTADOR GENERAL BERNARDO O'HIGGINS,19.3,6.4,0.0
2026-04-22,LIBERTADOR GENERAL BERNARDO O'HIGGINS,19.6,7.8,0.0
2026-04-23,LIBERTADOR GENERAL BERNARDO O'HIGGINS,19.1,5.8,0.0
2026-04-24,LIBERTADOR GENERAL BERNARDO O'HIGGINS,17.6,4.9,0.0
2026-04-25,LIBERTADOR GENERAL BERNARDO O'HIGGINS,18.2,4.9,0.0
2026-04-26,LIBERTADOR GENERAL BERNARDO O'HIGGINS,18.2,3.7,0.0
2026-04-27,LIBERTADOR GENERAL BERNARDO O'HIGGINS,16.1,3.5,0.3
2026-04-28,LIBERTADOR GENERAL BERNARDO O'HIGGINS,20.5,8.6,0.0
2026-04-29,LIBERTADOR GENERAL BERNARDO O'HIGGINS,22.3,10.4,0.6
2026-04-30,LIBERTADOR GENERAL BERNARDO O'HIGGINS,18.5,8.7,0.0
2026-05-01,LIBERTADOR GENERAL BERNARDO O'HIGGINS,16.6,7.2,0.0
2026-05-02,LIBERTADOR GENERAL BERNARDO O'HIGGINS,22.9,5.6,0.0
2026-05-03,LIBERTADOR GENERAL BERNARDO O'HIGGINS,20.0,7.0,0.0
2026-05-04,LIBERTADOR GENERAL BERNARDO O'HIGGINS,19.9,9.8,0.0
2026-05-05,LIBERTADOR GENERAL BERNARDO O'HIGGINS,19.0,10.3,0.1
2026-05-06,LIBERTADOR GENERAL BERNARDO O'HIGGINS,14.5,9.1,37.7
2026-05-07,LIBERTADOR GENERAL BERNARDO O'HIGGINS,15.6,8.4,0.0
2026-05-08,LIBERTADOR GENERAL BERNARDO O'HIGGINS,17.3,4.8,0.0
2026-05-09,LIBERTADOR GENERAL BERNARDO O'HIGGINS,18.3,6.4,0.0
2026-05-10,LIBERTADOR GENERAL BERNARDO O'HIGGINS,23.4,4.7,0.0
2026-05-11,LIBERTADOR GENERAL BERNARDO O'HIGGINS,17.1,7.6,0.0
2026-05-12,LIBERTADOR GENERAL BERNARDO O'HIGGINS,13.1,6.7,0.0
2026-05-13,LIBERTADOR GENERAL BERNARDO O'HIGGINS,14.2,6.2,0.0
2026-05-14,LIBERTADOR GENERAL BERNARDO O'HIGGINS,20.4,6.3,0.0
2026-05-15,LIBERTADOR GENERAL BERNARDO O'HIGGINS,17.9,6.2,0.0
2026-05-16,LIBERTADOR GENERAL BERNARDO O'HIGGINS,15.2,4.7,0.0
2026-05-17,LIBERTADOR GENERAL BERNARDO O'HIGGINS,17.1,2.9,0.0
2026-05-18,LIBERTADOR GENERAL BERNARDO O'HIGGINS,18.9,4.7,0.0
2026-05-19,LIBERTADOR GENERAL BERNARDO O'HIGGINS,16.0,5.5,0.0
2026-05-20,LIBERTADOR GENERAL BERNARDO O'HIGGINS,10.9,4.7,0.0
2026-05-21,LIBERTADOR GENERAL BERNARDO O'HIGGINS,12.8,5.4,0.0
2026-05-22,LIBERTADOR GENERAL BERNARDO O'HIGGINS,11.8,3.1,0.0
2026-05-23,LIBERTADOR GENERAL BERNARDO O'HIGGINS,9.6,3.5,0.0
2026-05-24,LIBERTADOR GENERAL BERNARDO O'HIGGINS,10.9,2.0,0.0
2026-05-25,LIBERTADOR GENERAL BERNARDO O'HIGGINS,19.5,2.0,0.0
2026-05-26,LIBERTADOR GENERAL BERNARDO O'HIGGINS,18.4,5.9,0.0
2026-05-27,LIBERTADOR GENERAL BERNARDO O'HIGGINS,14.0,3.8,0.0
2026-05-28,LIBERTADOR GENERAL BERNARDO O'HIGGINS,17.3,5.4,0.0
2026-05-29,LIBERTADOR GENERAL BERNARDO O'HIGGINS,17.5,5.2,0.0
2026-05-30,LIBERTADOR GENERAL BERNARDO O'HIGGINS,16.5,3.8,0.0
2026-05-31,LIBERTADOR GENERAL BERNARDO O'HIGGINS,11.6,6.3,0.0
2026-06-01,LIBERTADOR GENERAL BERNARDO O'HIGGINS,12.2,7.2,0.0
2026-06-02,LIBERTADOR GENERAL BERNARDO O'HIGGINS,15.0,4.6,0.0
2026-06-03,LIBERTADOR GENERAL BERNARDO O'HIGGINS,16.6,7.7,0.0
2026-06-04,LIBERTADOR GENERAL BERNARDO O'HIGGINS,17.3,7.8,0.0
2026-06-05,LIBERTADOR GENERAL BERNARDO O'HIGGINS,12.4,8.3,0.2
2026-06-06,LIBERTADOR GENERAL BERNARDO O'HIGGINS,14.4,6.8,2.1
2026-06-07,LIBERTADOR GENERAL BERNARDO O'HIGGINS,17.3,5.4,0.5
2026-06-08,LIBERTADOR GENERAL BERNARDO O'HIGGINS,13.2,3.3,0.0
2026-06-09,LIBERTADOR GENERAL BERNARDO O'HIGGINS,11.7,6.8,0.2
2026-06-10,LIBERTADOR GENERAL BERNARDO O'HIGGINS,16.0,6.1,16.4
2026-06-11,LIBERTADOR GENERAL BERNARDO O'HIGGINS,15.6,2.8,0.0
